10-Jul-2025 11:50:59.402 INFO [main] org.apache.catalina.startup.VersionLoggerListener.log Server version name:   Apache Tomcat/11.0.9
10-Jul-2025 11:50:59.410 INFO [main] org.apache.catalina.startup.VersionLoggerListener.log Server built:          Jul 1 2025 20:39:04 UTC
10-Jul-2025 11:50:59.411 INFO [main] org.apache.catalina.startup.VersionLoggerListener.log Server version number: 11.0.9.0
10-Jul-2025 11:50:59.411 INFO [main] org.apache.catalina.startup.VersionLoggerListener.log OS Name:               Windows 11
10-Jul-2025 11:50:59.411 INFO [main] org.apache.catalina.startup.VersionLoggerListener.log OS Version:            10.0
10-Jul-2025 11:50:59.413 INFO [main] org.apache.catalina.startup.VersionLoggerListener.log Architecture:          amd64
10-Jul-2025 11:50:59.414 INFO [main] org.apache.catalina.startup.VersionLoggerListener.log Java Home:             C:\Program Files\Java\jdk-23
10-Jul-2025 11:50:59.414 INFO [main] org.apache.catalina.startup.VersionLoggerListener.log JVM Version:           23.0.2+7-58
10-Jul-2025 11:50:59.415 INFO [main] org.apache.catalina.startup.VersionLoggerListener.log JVM Vendor:            Oracle Corporation
10-Jul-2025 11:50:59.415 INFO [main] org.apache.catalina.startup.VersionLoggerListener.log CATALINA_BASE:         D:\java\Shopping-web\conf\Catalina
10-Jul-2025 11:50:59.415 INFO [main] org.apache.catalina.startup.VersionLoggerListener.log CATALINA_HOME:         C:\Program Files\Apache Software Foundation\Tomcat 11.0
10-Jul-2025 11:50:59.436 INFO [main] org.apache.catalina.startup.VersionLoggerListener.log Command line argument: --add-opens=java.base/java.lang=ALL-UNNAMED
10-Jul-2025 11:50:59.436 INFO [main] org.apache.catalina.startup.VersionLoggerListener.log Command line argument: --add-opens=java.base/java.io=ALL-UNNAMED
10-Jul-2025 11:50:59.436 INFO [main] org.apache.catalina.startup.VersionLoggerListener.log Command line argument: --add-opens=java.base/java.util=ALL-UNNAMED
10-Jul-2025 11:50:59.436 INFO [main] org.apache.catalina.startup.VersionLoggerListener.log Command line argument: --add-opens=java.base/java.util.concurrent=ALL-UNNAMED
10-Jul-2025 11:50:59.437 INFO [main] org.apache.catalina.startup.VersionLoggerListener.log Command line argument: --add-opens=java.rmi/sun.rmi.transport=ALL-UNNAMED
10-Jul-2025 11:50:59.437 INFO [main] org.apache.catalina.startup.VersionLoggerListener.log Command line argument: -Dcatalina.home=C:\Program Files\Apache Software Foundation\Tomcat 11.0
10-Jul-2025 11:50:59.437 INFO [main] org.apache.catalina.startup.VersionLoggerListener.log Command line argument: -Dcatalina.base=D:\java\Shopping-web\conf\Catalina
10-Jul-2025 11:50:59.437 INFO [main] org.apache.catalina.startup.VersionLoggerListener.log Command line argument: -Djava.io.tmpdir=D:\java\Shopping-web\conf\Catalina\temp
10-Jul-2025 11:50:59.437 INFO [main] org.apache.catalina.startup.VersionLoggerListener.log Command line argument: -Djava.util.logging.config.file=D:\java\Shopping-web\conf\Catalina\conf\logging.properties
10-Jul-2025 11:50:59.438 INFO [main] org.apache.catalina.startup.VersionLoggerListener.log Command line argument: -Djava.util.logging.manager=org.apache.juli.ClassLoaderLogManager
10-Jul-2025 11:50:59.438 INFO [main] org.apache.catalina.startup.VersionLoggerListener.log Command line argument: -javaagent:C:\Program Files\JetBrains\IntelliJ IDEA Community Edition 2024.3.2.2\lib\idea_rt.jar=63513
10-Jul-2025 11:50:59.438 INFO [main] org.apache.catalina.startup.VersionLoggerListener.log Command line argument: -Dfile.encoding=UTF-8
10-Jul-2025 11:50:59.438 INFO [main] org.apache.catalina.startup.VersionLoggerListener.log Command line argument: -Dsun.stdout.encoding=UTF-8
10-Jul-2025 11:50:59.438 INFO [main] org.apache.catalina.startup.VersionLoggerListener.log Command line argument: -Dsun.stderr.encoding=UTF-8
10-Jul-2025 11:50:59.450 INFO [main] org.apache.catalina.core.AprLifecycleListener.lifecycleEvent The Apache Tomcat Native library which allows using OpenSSL was not found on the java.library.path: [C:\Program Files\Java\jdk-23\bin;C:\WINDOWS\Sun\Java\bin;C:\WINDOWS\system32;C:\WINDOWS;C:\Program Files\Common Files\Oracle\Java\javapath;C:\WINDOWS\system32;C:\WINDOWS;C:\WINDOWS\System32\Wbem;C:\WINDOWS\System32\WindowsPowerShell\v1.0\;C:\WINDOWS\System32\OpenSSH\;C:\Program Files\Git\cmd;C:\Users\SMART\AppData\Local\Programs\Python\Python313\Scripts\;C:\Users\SMART\AppData\Local\Programs\Python\Python313\;C:\Users\SMART\AppData\Local\Microsoft\WindowsApps;C:\Users\SMART\AppData\Local\Programs\Microsoft VS Code\bin;C:\Program Files\Java\jdk-23\bin;;.]
10-Jul-2025 11:51:00.226 INFO [main] org.apache.coyote.AbstractProtocol.init Initializing ProtocolHandler ["http-nio-8080"]
10-Jul-2025 11:51:00.258 INFO [main] org.apache.catalina.startup.Catalina.load Server initialization in [1293] milliseconds
10-Jul-2025 11:51:00.456 INFO [main] org.apache.catalina.core.StandardService.startInternal Starting service [Catalina]
10-Jul-2025 11:51:00.457 INFO [main] org.apache.catalina.core.StandardEngine.startInternal Starting Servlet engine: [Apache Tomcat/11.0.9]
10-Jul-2025 11:51:00.481 INFO [main] org.apache.catalina.startup.HostConfig.deployDescriptor Deploying deployment descriptor [D:\java\Shopping-web\conf\Catalina\conf\Catalina\localhost\Shopping-web.xml]
10-Jul-2025 11:51:03.303 INFO [main] org.apache.jasper.servlet.TldScanner.scanJars At least one JAR was scanned for TLDs yet contained no TLDs. Enable debug logging for this logger for a complete list of JARs that were scanned but no TLDs were found in them. Skipping unneeded JARs during scanning can improve startup time and JSP compilation time.
10-Jul-2025 11:51:03.464 INFO [main] org.apache.catalina.startup.HostConfig.deployDescriptor Deployment of deployment descriptor [D:\java\Shopping-web\conf\Catalina\conf\Catalina\localhost\Shopping-web.xml] has finished in [2,981] ms
10-Jul-2025 11:51:03.471 INFO [main] org.apache.coyote.AbstractProtocol.start Starting ProtocolHandler ["http-nio-8080"]
10-Jul-2025 11:51:03.574 INFO [main] org.apache.catalina.startup.Catalina.start Server startup in [3313] milliseconds
10-Jul-2025 11:51:15.428 INFO [Thread-1] org.apache.coyote.AbstractProtocol.pause Pausing ProtocolHandler ["http-nio-8080"]
10-Jul-2025 11:51:15.476 INFO [Thread-1] org.apache.catalina.core.StandardService.stopInternal Stopping service [Catalina]
10-Jul-2025 11:51:15.556 INFO [Thread-1] org.apache.coyote.AbstractProtocol.stop Stopping ProtocolHandler ["http-nio-8080"]
10-Jul-2025 11:51:15.588 INFO [Thread-1] org.apache.coyote.AbstractProtocol.destroy Destroying ProtocolHandler ["http-nio-8080"]
10-Jul-2025 11:55:23.448 INFO [main] org.apache.catalina.startup.VersionLoggerListener.log Server version name:   Apache Tomcat/11.0.9
10-Jul-2025 11:55:23.458 INFO [main] org.apache.catalina.startup.VersionLoggerListener.log Server built:          Jul 1 2025 20:39:04 UTC
10-Jul-2025 11:55:23.458 INFO [main] org.apache.catalina.startup.VersionLoggerListener.log Server version number: 11.0.9.0
10-Jul-2025 11:55:23.459 INFO [main] org.apache.catalina.startup.VersionLoggerListener.log OS Name:               Windows 11
10-Jul-2025 11:55:23.459 INFO [main] org.apache.catalina.startup.VersionLoggerListener.log OS Version:            10.0
10-Jul-2025 11:55:23.459 INFO [main] org.apache.catalina.startup.VersionLoggerListener.log Architecture:          amd64
10-Jul-2025 11:55:23.459 INFO [main] org.apache.catalina.startup.VersionLoggerListener.log Java Home:             C:\Program Files\Java\jdk-23
10-Jul-2025 11:55:23.460 INFO [main] org.apache.catalina.startup.VersionLoggerListener.log JVM Version:           23.0.2+7-58
10-Jul-2025 11:55:23.460 INFO [main] org.apache.catalina.startup.VersionLoggerListener.log JVM Vendor:            Oracle Corporation
10-Jul-2025 11:55:23.460 INFO [main] org.apache.catalina.startup.VersionLoggerListener.log CATALINA_BASE:         D:\java\Shopping-web\conf\Catalina
10-Jul-2025 11:55:23.460 INFO [main] org.apache.catalina.startup.VersionLoggerListener.log CATALINA_HOME:         C:\Program Files\Apache Software Foundation\Tomcat 11.0
10-Jul-2025 11:55:23.484 INFO [main] org.apache.catalina.startup.VersionLoggerListener.log Command line argument: --add-opens=java.base/java.lang=ALL-UNNAMED
10-Jul-2025 11:55:23.485 INFO [main] org.apache.catalina.startup.VersionLoggerListener.log Command line argument: --add-opens=java.base/java.io=ALL-UNNAMED
10-Jul-2025 11:55:23.485 INFO [main] org.apache.catalina.startup.VersionLoggerListener.log Command line argument: --add-opens=java.base/java.util=ALL-UNNAMED
10-Jul-2025 11:55:23.487 INFO [main] org.apache.catalina.startup.VersionLoggerListener.log Command line argument: --add-opens=java.base/java.util.concurrent=ALL-UNNAMED
10-Jul-2025 11:55:23.487 INFO [main] org.apache.catalina.startup.VersionLoggerListener.log Command line argument: --add-opens=java.rmi/sun.rmi.transport=ALL-UNNAMED
10-Jul-2025 11:55:23.487 INFO [main] org.apache.catalina.startup.VersionLoggerListener.log Command line argument: -Dcatalina.home=C:\Program Files\Apache Software Foundation\Tomcat 11.0
10-Jul-2025 11:55:23.487 INFO [main] org.apache.catalina.startup.VersionLoggerListener.log Command line argument: -Dcatalina.base=D:\java\Shopping-web\conf\Catalina
10-Jul-2025 11:55:23.487 INFO [main] org.apache.catalina.startup.VersionLoggerListener.log Command line argument: -Djava.io.tmpdir=D:\java\Shopping-web\conf\Catalina\temp
10-Jul-2025 11:55:23.488 INFO [main] org.apache.catalina.startup.VersionLoggerListener.log Command line argument: -Djava.util.logging.config.file=D:\java\Shopping-web\conf\Catalina\conf\logging.properties
10-Jul-2025 11:55:23.488 INFO [main] org.apache.catalina.startup.VersionLoggerListener.log Command line argument: -Djava.util.logging.manager=org.apache.juli.ClassLoaderLogManager
10-Jul-2025 11:55:23.488 INFO [main] org.apache.catalina.startup.VersionLoggerListener.log Command line argument: -javaagent:C:\Program Files\JetBrains\IntelliJ IDEA Community Edition 2024.3.2.2\lib\idea_rt.jar=63591
10-Jul-2025 11:55:23.488 INFO [main] org.apache.catalina.startup.VersionLoggerListener.log Command line argument: -Dfile.encoding=UTF-8
10-Jul-2025 11:55:23.489 INFO [main] org.apache.catalina.startup.VersionLoggerListener.log Command line argument: -Dsun.stdout.encoding=UTF-8
10-Jul-2025 11:55:23.489 INFO [main] org.apache.catalina.startup.VersionLoggerListener.log Command line argument: -Dsun.stderr.encoding=UTF-8
10-Jul-2025 11:55:23.502 INFO [main] org.apache.catalina.core.AprLifecycleListener.lifecycleEvent The Apache Tomcat Native library which allows using OpenSSL was not found on the java.library.path: [C:\Program Files\Java\jdk-23\bin;C:\WINDOWS\Sun\Java\bin;C:\WINDOWS\system32;C:\WINDOWS;C:\Program Files\Common Files\Oracle\Java\javapath;C:\WINDOWS\system32;C:\WINDOWS;C:\WINDOWS\System32\Wbem;C:\WINDOWS\System32\WindowsPowerShell\v1.0\;C:\WINDOWS\System32\OpenSSH\;C:\Program Files\Git\cmd;C:\Users\SMART\AppData\Local\Programs\Python\Python313\Scripts\;C:\Users\SMART\AppData\Local\Programs\Python\Python313\;C:\Users\SMART\AppData\Local\Microsoft\WindowsApps;C:\Users\SMART\AppData\Local\Programs\Microsoft VS Code\bin;C:\Program Files\Java\jdk-23\bin;;.]
10-Jul-2025 11:55:24.191 INFO [main] org.apache.coyote.AbstractProtocol.init Initializing ProtocolHandler ["http-nio-8080"]
10-Jul-2025 11:55:24.224 INFO [main] org.apache.catalina.startup.Catalina.load Server initialization in [1194] milliseconds
10-Jul-2025 11:55:24.354 INFO [main] org.apache.catalina.core.StandardService.startInternal Starting service [Catalina]
10-Jul-2025 11:55:24.354 INFO [main] org.apache.catalina.core.StandardEngine.startInternal Starting Servlet engine: [Apache Tomcat/11.0.9]
10-Jul-2025 11:55:24.382 INFO [main] org.apache.catalina.startup.HostConfig.deployDescriptor Deploying deployment descriptor [D:\java\Shopping-web\conf\Catalina\conf\Catalina\localhost\Shopping-web.xml]
10-Jul-2025 11:55:26.630 INFO [main] org.apache.jasper.servlet.TldScanner.scanJars At least one JAR was scanned for TLDs yet contained no TLDs. Enable debug logging for this logger for a complete list of JARs that were scanned but no TLDs were found in them. Skipping unneeded JARs during scanning can improve startup time and JSP compilation time.
10-Jul-2025 11:55:26.771 INFO [main] org.apache.catalina.startup.HostConfig.deployDescriptor Deployment of deployment descriptor [D:\java\Shopping-web\conf\Catalina\conf\Catalina\localhost\Shopping-web.xml] has finished in [2,390] ms
10-Jul-2025 11:55:26.776 INFO [main] org.apache.coyote.AbstractProtocol.start Starting ProtocolHandler ["http-nio-8080"]
10-Jul-2025 11:55:26.818 INFO [main] org.apache.catalina.startup.Catalina.start Server startup in [2592] milliseconds
10-Jul-2025 12:17:13.997 INFO [Thread-1] org.apache.coyote.AbstractProtocol.pause Pausing ProtocolHandler ["http-nio-8080"]
10-Jul-2025 12:17:14.047 INFO [Thread-1] org.apache.catalina.core.StandardService.stopInternal Stopping service [Catalina]
10-Jul-2025 12:17:14.093 INFO [Thread-1] org.apache.coyote.AbstractProtocol.stop Stopping ProtocolHandler ["http-nio-8080"]
10-Jul-2025 12:17:14.107 INFO [Thread-1] org.apache.coyote.AbstractProtocol.destroy Destroying ProtocolHandler ["http-nio-8080"]
10-Jul-2025 12:22:24.284 INFO [main] org.apache.catalina.startup.VersionLoggerListener.log Server version name:   Apache Tomcat/11.0.9
10-Jul-2025 12:22:24.295 INFO [main] org.apache.catalina.startup.VersionLoggerListener.log Server built:          Jul 1 2025 20:39:04 UTC
10-Jul-2025 12:22:24.295 INFO [main] org.apache.catalina.startup.VersionLoggerListener.log Server version number: 11.0.9.0
10-Jul-2025 12:22:24.296 INFO [main] org.apache.catalina.startup.VersionLoggerListener.log OS Name:               Windows 11
10-Jul-2025 12:22:24.297 INFO [main] org.apache.catalina.startup.VersionLoggerListener.log OS Version:            10.0
10-Jul-2025 12:22:24.297 INFO [main] org.apache.catalina.startup.VersionLoggerListener.log Architecture:          amd64
10-Jul-2025 12:22:24.298 INFO [main] org.apache.catalina.startup.VersionLoggerListener.log Java Home:             C:\Program Files\Java\jdk-23
10-Jul-2025 12:22:24.299 INFO [main] org.apache.catalina.startup.VersionLoggerListener.log JVM Version:           23.0.2+7-58
10-Jul-2025 12:22:24.300 INFO [main] org.apache.catalina.startup.VersionLoggerListener.log JVM Vendor:            Oracle Corporation
10-Jul-2025 12:22:24.300 INFO [main] org.apache.catalina.startup.VersionLoggerListener.log CATALINA_BASE:         D:\java\Shopping-web\conf\Catalina
10-Jul-2025 12:22:24.301 INFO [main] org.apache.catalina.startup.VersionLoggerListener.log CATALINA_HOME:         C:\Program Files\Apache Software Foundation\Tomcat 11.0
10-Jul-2025 12:22:24.320 INFO [main] org.apache.catalina.startup.VersionLoggerListener.log Command line argument: --add-opens=java.base/java.lang=ALL-UNNAMED
10-Jul-2025 12:22:24.320 INFO [main] org.apache.catalina.startup.VersionLoggerListener.log Command line argument: --add-opens=java.base/java.io=ALL-UNNAMED
10-Jul-2025 12:22:24.320 INFO [main] org.apache.catalina.startup.VersionLoggerListener.log Command line argument: --add-opens=java.base/java.util=ALL-UNNAMED
10-Jul-2025 12:22:24.320 INFO [main] org.apache.catalina.startup.VersionLoggerListener.log Command line argument: --add-opens=java.base/java.util.concurrent=ALL-UNNAMED
10-Jul-2025 12:22:24.321 INFO [main] org.apache.catalina.startup.VersionLoggerListener.log Command line argument: --add-opens=java.rmi/sun.rmi.transport=ALL-UNNAMED
10-Jul-2025 12:22:24.321 INFO [main] org.apache.catalina.startup.VersionLoggerListener.log Command line argument: -Dcatalina.home=C:\Program Files\Apache Software Foundation\Tomcat 11.0
10-Jul-2025 12:22:24.321 INFO [main] org.apache.catalina.startup.VersionLoggerListener.log Command line argument: -Dcatalina.base=D:\java\Shopping-web\conf\Catalina
10-Jul-2025 12:22:24.321 INFO [main] org.apache.catalina.startup.VersionLoggerListener.log Command line argument: -Djava.io.tmpdir=D:\java\Shopping-web\conf\Catalina\temp
10-Jul-2025 12:22:24.321 INFO [main] org.apache.catalina.startup.VersionLoggerListener.log Command line argument: -Djava.util.logging.config.file=D:\java\Shopping-web\conf\Catalina\conf\logging.properties
10-Jul-2025 12:22:24.322 INFO [main] org.apache.catalina.startup.VersionLoggerListener.log Command line argument: -Djava.util.logging.manager=org.apache.juli.ClassLoaderLogManager
10-Jul-2025 12:22:24.322 INFO [main] org.apache.catalina.startup.VersionLoggerListener.log Command line argument: -javaagent:C:\Program Files\JetBrains\IntelliJ IDEA Community Edition 2024.3.2.2\lib\idea_rt.jar=63748
10-Jul-2025 12:22:24.322 INFO [main] org.apache.catalina.startup.VersionLoggerListener.log Command line argument: -Dfile.encoding=UTF-8
10-Jul-2025 12:22:24.322 INFO [main] org.apache.catalina.startup.VersionLoggerListener.log Command line argument: -Dsun.stdout.encoding=UTF-8
10-Jul-2025 12:22:24.323 INFO [main] org.apache.catalina.startup.VersionLoggerListener.log Command line argument: -Dsun.stderr.encoding=UTF-8
10-Jul-2025 12:22:24.334 INFO [main] org.apache.catalina.core.AprLifecycleListener.lifecycleEvent The Apache Tomcat Native library which allows using OpenSSL was not found on the java.library.path: [C:\Program Files\Java\jdk-23\bin;C:\WINDOWS\Sun\Java\bin;C:\WINDOWS\system32;C:\WINDOWS;C:\Program Files\Common Files\Oracle\Java\javapath;C:\WINDOWS\system32;C:\WINDOWS;C:\WINDOWS\System32\Wbem;C:\WINDOWS\System32\WindowsPowerShell\v1.0\;C:\WINDOWS\System32\OpenSSH\;C:\Program Files\Git\cmd;C:\Users\SMART\AppData\Local\Programs\Python\Python313\Scripts\;C:\Users\SMART\AppData\Local\Programs\Python\Python313\;C:\Users\SMART\AppData\Local\Microsoft\WindowsApps;C:\Users\SMART\AppData\Local\Programs\Microsoft VS Code\bin;C:\Program Files\Java\jdk-23\bin;;.]
10-Jul-2025 12:22:25.013 INFO [main] org.apache.coyote.AbstractProtocol.init Initializing ProtocolHandler ["http-nio-8080"]
10-Jul-2025 12:22:25.046 INFO [main] org.apache.catalina.startup.Catalina.load Server initialization in [1163] milliseconds
10-Jul-2025 12:22:25.170 INFO [main] org.apache.catalina.core.StandardService.startInternal Starting service [Catalina]
10-Jul-2025 12:22:25.171 INFO [main] org.apache.catalina.core.StandardEngine.startInternal Starting Servlet engine: [Apache Tomcat/11.0.9]
10-Jul-2025 12:22:25.195 INFO [main] org.apache.catalina.startup.HostConfig.deployDescriptor Deploying deployment descriptor [D:\java\Shopping-web\conf\Catalina\conf\Catalina\localhost\Shopping-web.xml]
10-Jul-2025 12:22:27.175 INFO [main] org.apache.jasper.servlet.TldScanner.scanJars At least one JAR was scanned for TLDs yet contained no TLDs. Enable debug logging for this logger for a complete list of JARs that were scanned but no TLDs were found in them. Skipping unneeded JARs during scanning can improve startup time and JSP compilation time.
10-Jul-2025 12:22:27.320 INFO [main] org.apache.catalina.startup.HostConfig.deployDescriptor Deployment of deployment descriptor [D:\java\Shopping-web\conf\Catalina\conf\Catalina\localhost\Shopping-web.xml] has finished in [2,124] ms
10-Jul-2025 12:22:27.328 INFO [main] org.apache.coyote.AbstractProtocol.start Starting ProtocolHandler ["http-nio-8080"]
10-Jul-2025 12:22:27.424 INFO [main] org.apache.catalina.startup.Catalina.start Server startup in [2375] milliseconds
10-Jul-2025 12:23:11.767 INFO [Thread-1] org.apache.coyote.AbstractProtocol.pause Pausing ProtocolHandler ["http-nio-8080"]
10-Jul-2025 12:23:11.786 INFO [Thread-1] org.apache.catalina.core.StandardService.stopInternal Stopping service [Catalina]
10-Jul-2025 12:23:11.801 INFO [Thread-1] org.apache.coyote.AbstractProtocol.stop Stopping ProtocolHandler ["http-nio-8080"]
10-Jul-2025 12:23:11.825 INFO [Thread-1] org.apache.coyote.AbstractProtocol.destroy Destroying ProtocolHandler ["http-nio-8080"]
10-Jul-2025 12:23:33.434 INFO [main] org.apache.catalina.startup.VersionLoggerListener.log Server version name:   Apache Tomcat/11.0.9
10-Jul-2025 12:23:33.443 INFO [main] org.apache.catalina.startup.VersionLoggerListener.log Server built:          Jul 1 2025 20:39:04 UTC
10-Jul-2025 12:23:33.443 INFO [main] org.apache.catalina.startup.VersionLoggerListener.log Server version number: 11.0.9.0
10-Jul-2025 12:23:33.444 INFO [main] org.apache.catalina.startup.VersionLoggerListener.log OS Name:               Windows 11
10-Jul-2025 12:23:33.445 INFO [main] org.apache.catalina.startup.VersionLoggerListener.log OS Version:            10.0
10-Jul-2025 12:23:33.445 INFO [main] org.apache.catalina.startup.VersionLoggerListener.log Architecture:          amd64
10-Jul-2025 12:23:33.445 INFO [main] org.apache.catalina.startup.VersionLoggerListener.log Java Home:             C:\Program Files\Java\jdk-23
10-Jul-2025 12:23:33.446 INFO [main] org.apache.catalina.startup.VersionLoggerListener.log JVM Version:           23.0.2+7-58
10-Jul-2025 12:23:33.446 INFO [main] org.apache.catalina.startup.VersionLoggerListener.log JVM Vendor:            Oracle Corporation
10-Jul-2025 12:23:33.448 INFO [main] org.apache.catalina.startup.VersionLoggerListener.log CATALINA_BASE:         D:\java\Shopping-web\conf\Catalina
10-Jul-2025 12:23:33.448 INFO [main] org.apache.catalina.startup.VersionLoggerListener.log CATALINA_HOME:         C:\Program Files\Apache Software Foundation\Tomcat 11.0
10-Jul-2025 12:23:33.469 INFO [main] org.apache.catalina.startup.VersionLoggerListener.log Command line argument: --add-opens=java.base/java.lang=ALL-UNNAMED
10-Jul-2025 12:23:33.469 INFO [main] org.apache.catalina.startup.VersionLoggerListener.log Command line argument: --add-opens=java.base/java.io=ALL-UNNAMED
10-Jul-2025 12:23:33.469 INFO [main] org.apache.catalina.startup.VersionLoggerListener.log Command line argument: --add-opens=java.base/java.util=ALL-UNNAMED
10-Jul-2025 12:23:33.469 INFO [main] org.apache.catalina.startup.VersionLoggerListener.log Command line argument: --add-opens=java.base/java.util.concurrent=ALL-UNNAMED
10-Jul-2025 12:23:33.470 INFO [main] org.apache.catalina.startup.VersionLoggerListener.log Command line argument: --add-opens=java.rmi/sun.rmi.transport=ALL-UNNAMED
10-Jul-2025 12:23:33.470 INFO [main] org.apache.catalina.startup.VersionLoggerListener.log Command line argument: -Dcatalina.home=C:\Program Files\Apache Software Foundation\Tomcat 11.0
10-Jul-2025 12:23:33.470 INFO [main] org.apache.catalina.startup.VersionLoggerListener.log Command line argument: -Dcatalina.base=D:\java\Shopping-web\conf\Catalina
10-Jul-2025 12:23:33.471 INFO [main] org.apache.catalina.startup.VersionLoggerListener.log Command line argument: -Djava.io.tmpdir=D:\java\Shopping-web\conf\Catalina\temp
10-Jul-2025 12:23:33.471 INFO [main] org.apache.catalina.startup.VersionLoggerListener.log Command line argument: -Djava.util.logging.config.file=D:\java\Shopping-web\conf\Catalina\conf\logging.properties
10-Jul-2025 12:23:33.471 INFO [main] org.apache.catalina.startup.VersionLoggerListener.log Command line argument: -Djava.util.logging.manager=org.apache.juli.ClassLoaderLogManager
10-Jul-2025 12:23:33.471 INFO [main] org.apache.catalina.startup.VersionLoggerListener.log Command line argument: -javaagent:C:\Program Files\JetBrains\IntelliJ IDEA Community Edition 2024.3.2.2\lib\idea_rt.jar=63756
10-Jul-2025 12:23:33.472 INFO [main] org.apache.catalina.startup.VersionLoggerListener.log Command line argument: -Dfile.encoding=UTF-8
10-Jul-2025 12:23:33.472 INFO [main] org.apache.catalina.startup.VersionLoggerListener.log Command line argument: -Dsun.stdout.encoding=UTF-8
10-Jul-2025 12:23:33.472 INFO [main] org.apache.catalina.startup.VersionLoggerListener.log Command line argument: -Dsun.stderr.encoding=UTF-8
10-Jul-2025 12:23:33.484 INFO [main] org.apache.catalina.core.AprLifecycleListener.lifecycleEvent The Apache Tomcat Native library which allows using OpenSSL was not found on the java.library.path: [C:\Program Files\Java\jdk-23\bin;C:\WINDOWS\Sun\Java\bin;C:\WINDOWS\system32;C:\WINDOWS;C:\Program Files\Common Files\Oracle\Java\javapath;C:\WINDOWS\system32;C:\WINDOWS;C:\WINDOWS\System32\Wbem;C:\WINDOWS\System32\WindowsPowerShell\v1.0\;C:\WINDOWS\System32\OpenSSH\;C:\Program Files\Git\cmd;C:\Users\SMART\AppData\Local\Programs\Python\Python313\Scripts\;C:\Users\SMART\AppData\Local\Programs\Python\Python313\;C:\Users\SMART\AppData\Local\Microsoft\WindowsApps;C:\Users\SMART\AppData\Local\Programs\Microsoft VS Code\bin;C:\Program Files\Java\jdk-23\bin;;.]
10-Jul-2025 12:23:34.141 INFO [main] org.apache.coyote.AbstractProtocol.init Initializing ProtocolHandler ["http-nio-8080"]
10-Jul-2025 12:23:34.178 INFO [main] org.apache.catalina.startup.Catalina.load Server initialization in [1154] milliseconds
10-Jul-2025 12:23:34.307 INFO [main] org.apache.catalina.core.StandardService.startInternal Starting service [Catalina]
10-Jul-2025 12:23:34.308 INFO [main] org.apache.catalina.core.StandardEngine.startInternal Starting Servlet engine: [Apache Tomcat/11.0.9]
10-Jul-2025 12:23:34.330 INFO [main] org.apache.catalina.startup.HostConfig.deployDescriptor Deploying deployment descriptor [D:\java\Shopping-web\conf\Catalina\conf\Catalina\localhost\Shopping-web.xml]
10-Jul-2025 12:23:36.683 INFO [main] org.apache.jasper.servlet.TldScanner.scanJars At least one JAR was scanned for TLDs yet contained no TLDs. Enable debug logging for this logger for a complete list of JARs that were scanned but no TLDs were found in them. Skipping unneeded JARs during scanning can improve startup time and JSP compilation time.
10-Jul-2025 12:23:37.041 INFO [main] org.apache.catalina.startup.HostConfig.deployDescriptor Deployment of deployment descriptor [D:\java\Shopping-web\conf\Catalina\conf\Catalina\localhost\Shopping-web.xml] has finished in [2,708] ms
10-Jul-2025 12:23:37.059 INFO [main] org.apache.coyote.AbstractProtocol.start Starting ProtocolHandler ["http-nio-8080"]
10-Jul-2025 12:23:37.155 INFO [main] org.apache.catalina.startup.Catalina.start Server startup in [2975] milliseconds
10-Jul-2025 12:30:07.111 INFO [Thread-1] org.apache.coyote.AbstractProtocol.pause Pausing ProtocolHandler ["http-nio-8080"]
10-Jul-2025 12:30:07.159 INFO [Thread-1] org.apache.catalina.core.StandardService.stopInternal Stopping service [Catalina]
10-Jul-2025 12:30:07.217 INFO [Thread-1] org.apache.coyote.AbstractProtocol.stop Stopping ProtocolHandler ["http-nio-8080"]
10-Jul-2025 12:30:07.233 INFO [Thread-1] org.apache.coyote.AbstractProtocol.destroy Destroying ProtocolHandler ["http-nio-8080"]
10-Jul-2025 13:08:02.507 INFO [main] org.apache.catalina.startup.VersionLoggerListener.log Server version name:   Apache Tomcat/11.0.9
10-Jul-2025 13:08:02.515 INFO [main] org.apache.catalina.startup.VersionLoggerListener.log Server built:          Jul 1 2025 20:39:04 UTC
10-Jul-2025 13:08:02.517 INFO [main] org.apache.catalina.startup.VersionLoggerListener.log Server version number: 11.0.9.0
10-Jul-2025 13:08:02.517 INFO [main] org.apache.catalina.startup.VersionLoggerListener.log OS Name:               Windows 11
10-Jul-2025 13:08:02.518 INFO [main] org.apache.catalina.startup.VersionLoggerListener.log OS Version:            10.0
10-Jul-2025 13:08:02.518 INFO [main] org.apache.catalina.startup.VersionLoggerListener.log Architecture:          amd64
10-Jul-2025 13:08:02.519 INFO [main] org.apache.catalina.startup.VersionLoggerListener.log Java Home:             C:\Program Files\Java\jdk-23
10-Jul-2025 13:08:02.520 INFO [main] org.apache.catalina.startup.VersionLoggerListener.log JVM Version:           23.0.2+7-58
10-Jul-2025 13:08:02.521 INFO [main] org.apache.catalina.startup.VersionLoggerListener.log JVM Vendor:            Oracle Corporation
10-Jul-2025 13:08:02.521 INFO [main] org.apache.catalina.startup.VersionLoggerListener.log CATALINA_BASE:         D:\java\Shopping-web\conf\Catalina
10-Jul-2025 13:08:02.522 INFO [main] org.apache.catalina.startup.VersionLoggerListener.log CATALINA_HOME:         C:\Program Files\Apache Software Foundation\Tomcat 11.0
10-Jul-2025 13:08:02.542 INFO [main] org.apache.catalina.startup.VersionLoggerListener.log Command line argument: --add-opens=java.base/java.lang=ALL-UNNAMED
10-Jul-2025 13:08:02.542 INFO [main] org.apache.catalina.startup.VersionLoggerListener.log Command line argument: --add-opens=java.base/java.io=ALL-UNNAMED
10-Jul-2025 13:08:02.542 INFO [main] org.apache.catalina.startup.VersionLoggerListener.log Command line argument: --add-opens=java.base/java.util=ALL-UNNAMED
10-Jul-2025 13:08:02.543 INFO [main] org.apache.catalina.startup.VersionLoggerListener.log Command line argument: --add-opens=java.base/java.util.concurrent=ALL-UNNAMED
10-Jul-2025 13:08:02.543 INFO [main] org.apache.catalina.startup.VersionLoggerListener.log Command line argument: --add-opens=java.rmi/sun.rmi.transport=ALL-UNNAMED
10-Jul-2025 13:08:02.543 INFO [main] org.apache.catalina.startup.VersionLoggerListener.log Command line argument: -Dcatalina.home=C:\Program Files\Apache Software Foundation\Tomcat 11.0
10-Jul-2025 13:08:02.543 INFO [main] org.apache.catalina.startup.VersionLoggerListener.log Command line argument: -Dcatalina.base=D:\java\Shopping-web\conf\Catalina
10-Jul-2025 13:08:02.544 INFO [main] org.apache.catalina.startup.VersionLoggerListener.log Command line argument: -Djava.io.tmpdir=D:\java\Shopping-web\conf\Catalina\temp
10-Jul-2025 13:08:02.544 INFO [main] org.apache.catalina.startup.VersionLoggerListener.log Command line argument: -Djava.util.logging.config.file=D:\java\Shopping-web\conf\Catalina\conf\logging.properties
10-Jul-2025 13:08:02.544 INFO [main] org.apache.catalina.startup.VersionLoggerListener.log Command line argument: -Djava.util.logging.manager=org.apache.juli.ClassLoaderLogManager
10-Jul-2025 13:08:02.545 INFO [main] org.apache.catalina.startup.VersionLoggerListener.log Command line argument: -javaagent:C:\Program Files\JetBrains\IntelliJ IDEA Community Edition 2024.3.2.2\lib\idea_rt.jar=64524
10-Jul-2025 13:08:02.545 INFO [main] org.apache.catalina.startup.VersionLoggerListener.log Command line argument: -Dfile.encoding=UTF-8
10-Jul-2025 13:08:02.545 INFO [main] org.apache.catalina.startup.VersionLoggerListener.log Command line argument: -Dsun.stdout.encoding=UTF-8
10-Jul-2025 13:08:02.546 INFO [main] org.apache.catalina.startup.VersionLoggerListener.log Command line argument: -Dsun.stderr.encoding=UTF-8
10-Jul-2025 13:08:02.556 INFO [main] org.apache.catalina.core.AprLifecycleListener.lifecycleEvent The Apache Tomcat Native library which allows using OpenSSL was not found on the java.library.path: [C:\Program Files\Java\jdk-23\bin;C:\WINDOWS\Sun\Java\bin;C:\WINDOWS\system32;C:\WINDOWS;C:\Program Files\Common Files\Oracle\Java\javapath;C:\WINDOWS\system32;C:\WINDOWS;C:\WINDOWS\System32\Wbem;C:\WINDOWS\System32\WindowsPowerShell\v1.0\;C:\WINDOWS\System32\OpenSSH\;C:\Program Files\Git\cmd;C:\Users\SMART\AppData\Local\Programs\Python\Python313\Scripts\;C:\Users\SMART\AppData\Local\Programs\Python\Python313\;C:\Users\SMART\AppData\Local\Microsoft\WindowsApps;C:\Users\SMART\AppData\Local\Programs\Microsoft VS Code\bin;C:\Program Files\Java\jdk-23\bin;;.]
10-Jul-2025 13:08:03.252 INFO [main] org.apache.coyote.AbstractProtocol.init Initializing ProtocolHandler ["http-nio-8080"]
10-Jul-2025 13:08:03.286 INFO [main] org.apache.catalina.startup.Catalina.load Server initialization in [1183] milliseconds
10-Jul-2025 13:08:03.425 INFO [main] org.apache.catalina.core.StandardService.startInternal Starting service [Catalina]
10-Jul-2025 13:08:03.426 INFO [main] org.apache.catalina.core.StandardEngine.startInternal Starting Servlet engine: [Apache Tomcat/11.0.9]
10-Jul-2025 13:08:03.450 INFO [main] org.apache.catalina.startup.HostConfig.deployDescriptor Deploying deployment descriptor [D:\java\Shopping-web\conf\Catalina\conf\Catalina\localhost\Shopping-web.xml]
10-Jul-2025 13:08:05.810 INFO [main] org.apache.jasper.servlet.TldScanner.scanJars At least one JAR was scanned for TLDs yet contained no TLDs. Enable debug logging for this logger for a complete list of JARs that were scanned but no TLDs were found in them. Skipping unneeded JARs during scanning can improve startup time and JSP compilation time.
10-Jul-2025 13:08:06.039 INFO [main] org.apache.catalina.startup.HostConfig.deployDescriptor Deployment of deployment descriptor [D:\java\Shopping-web\conf\Catalina\conf\Catalina\localhost\Shopping-web.xml] has finished in [2,586] ms
10-Jul-2025 13:08:06.056 INFO [main] org.apache.coyote.AbstractProtocol.start Starting ProtocolHandler ["http-nio-8080"]
10-Jul-2025 13:08:06.167 INFO [main] org.apache.catalina.startup.Catalina.start Server startup in [2878] milliseconds
10-Jul-2025 13:09:46.479 INFO [Thread-1] org.apache.coyote.AbstractProtocol.pause Pausing ProtocolHandler ["http-nio-8080"]
10-Jul-2025 13:09:46.516 INFO [Thread-1] org.apache.catalina.core.StandardService.stopInternal Stopping service [Catalina]
10-Jul-2025 13:09:46.530 INFO [Thread-1] org.apache.coyote.AbstractProtocol.stop Stopping ProtocolHandler ["http-nio-8080"]
10-Jul-2025 13:09:46.551 INFO [Thread-1] org.apache.coyote.AbstractProtocol.destroy Destroying ProtocolHandler ["http-nio-8080"]
10-Jul-2025 13:12:37.348 INFO [main] org.apache.catalina.startup.VersionLoggerListener.log Server version name:   Apache Tomcat/11.0.9
10-Jul-2025 13:12:37.358 INFO [main] org.apache.catalina.startup.VersionLoggerListener.log Server built:          Jul 1 2025 20:39:04 UTC
10-Jul-2025 13:12:37.360 INFO [main] org.apache.catalina.startup.VersionLoggerListener.log Server version number: 11.0.9.0
10-Jul-2025 13:12:37.361 INFO [main] org.apache.catalina.startup.VersionLoggerListener.log OS Name:               Windows 11
10-Jul-2025 13:12:37.362 INFO [main] org.apache.catalina.startup.VersionLoggerListener.log OS Version:            10.0
10-Jul-2025 13:12:37.364 INFO [main] org.apache.catalina.startup.VersionLoggerListener.log Architecture:          amd64
10-Jul-2025 13:12:37.365 INFO [main] org.apache.catalina.startup.VersionLoggerListener.log Java Home:             C:\Program Files\Java\jdk-23
10-Jul-2025 13:12:37.365 INFO [main] org.apache.catalina.startup.VersionLoggerListener.log JVM Version:           23.0.2+7-58
10-Jul-2025 13:12:37.366 INFO [main] org.apache.catalina.startup.VersionLoggerListener.log JVM Vendor:            Oracle Corporation
10-Jul-2025 13:12:37.366 INFO [main] org.apache.catalina.startup.VersionLoggerListener.log CATALINA_BASE:         D:\java\Shopping-web\conf\Catalina
10-Jul-2025 13:12:37.368 INFO [main] org.apache.catalina.startup.VersionLoggerListener.log CATALINA_HOME:         C:\Program Files\Apache Software Foundation\Tomcat 11.0
10-Jul-2025 13:12:37.386 INFO [main] org.apache.catalina.startup.VersionLoggerListener.log Command line argument: --add-opens=java.base/java.lang=ALL-UNNAMED
10-Jul-2025 13:12:37.386 INFO [main] org.apache.catalina.startup.VersionLoggerListener.log Command line argument: --add-opens=java.base/java.io=ALL-UNNAMED
10-Jul-2025 13:12:37.386 INFO [main] org.apache.catalina.startup.VersionLoggerListener.log Command line argument: --add-opens=java.base/java.util=ALL-UNNAMED
10-Jul-2025 13:12:37.387 INFO [main] org.apache.catalina.startup.VersionLoggerListener.log Command line argument: --add-opens=java.base/java.util.concurrent=ALL-UNNAMED
10-Jul-2025 13:12:37.387 INFO [main] org.apache.catalina.startup.VersionLoggerListener.log Command line argument: --add-opens=java.rmi/sun.rmi.transport=ALL-UNNAMED
10-Jul-2025 13:12:37.387 INFO [main] org.apache.catalina.startup.VersionLoggerListener.log Command line argument: -Dcatalina.home=C:\Program Files\Apache Software Foundation\Tomcat 11.0
10-Jul-2025 13:12:37.388 INFO [main] org.apache.catalina.startup.VersionLoggerListener.log Command line argument: -Dcatalina.base=D:\java\Shopping-web\conf\Catalina
10-Jul-2025 13:12:37.388 INFO [main] org.apache.catalina.startup.VersionLoggerListener.log Command line argument: -Djava.io.tmpdir=D:\java\Shopping-web\conf\Catalina\temp
10-Jul-2025 13:12:37.388 INFO [main] org.apache.catalina.startup.VersionLoggerListener.log Command line argument: -Djava.util.logging.config.file=D:\java\Shopping-web\conf\Catalina\conf\logging.properties
10-Jul-2025 13:12:37.388 INFO [main] org.apache.catalina.startup.VersionLoggerListener.log Command line argument: -Djava.util.logging.manager=org.apache.juli.ClassLoaderLogManager
10-Jul-2025 13:12:37.388 INFO [main] org.apache.catalina.startup.VersionLoggerListener.log Command line argument: -javaagent:C:\Program Files\JetBrains\IntelliJ IDEA Community Edition 2024.3.2.2\lib\idea_rt.jar=64755
10-Jul-2025 13:12:37.389 INFO [main] org.apache.catalina.startup.VersionLoggerListener.log Command line argument: -Dfile.encoding=UTF-8
10-Jul-2025 13:12:37.390 INFO [main] org.apache.catalina.startup.VersionLoggerListener.log Command line argument: -Dsun.stdout.encoding=UTF-8
10-Jul-2025 13:12:37.390 INFO [main] org.apache.catalina.startup.VersionLoggerListener.log Command line argument: -Dsun.stderr.encoding=UTF-8
10-Jul-2025 13:12:37.403 INFO [main] org.apache.catalina.core.AprLifecycleListener.lifecycleEvent The Apache Tomcat Native library which allows using OpenSSL was not found on the java.library.path: [C:\Program Files\Java\jdk-23\bin;C:\WINDOWS\Sun\Java\bin;C:\WINDOWS\system32;C:\WINDOWS;C:\Program Files\Common Files\Oracle\Java\javapath;C:\WINDOWS\system32;C:\WINDOWS;C:\WINDOWS\System32\Wbem;C:\WINDOWS\System32\WindowsPowerShell\v1.0\;C:\WINDOWS\System32\OpenSSH\;C:\Program Files\Git\cmd;C:\Users\SMART\AppData\Local\Programs\Python\Python313\Scripts\;C:\Users\SMART\AppData\Local\Programs\Python\Python313\;C:\Users\SMART\AppData\Local\Microsoft\WindowsApps;C:\Users\SMART\AppData\Local\Programs\Microsoft VS Code\bin;C:\Program Files\Java\jdk-23\bin;;.]
10-Jul-2025 13:12:38.126 INFO [main] org.apache.coyote.AbstractProtocol.init Initializing ProtocolHandler ["http-nio-8080"]
10-Jul-2025 13:12:38.161 INFO [main] org.apache.catalina.startup.Catalina.load Server initialization in [1199] milliseconds
10-Jul-2025 13:12:38.296 INFO [main] org.apache.catalina.core.StandardService.startInternal Starting service [Catalina]
10-Jul-2025 13:12:38.296 INFO [main] org.apache.catalina.core.StandardEngine.startInternal Starting Servlet engine: [Apache Tomcat/11.0.9]
10-Jul-2025 13:12:38.316 INFO [main] org.apache.catalina.startup.HostConfig.deployDescriptor Deploying deployment descriptor [D:\java\Shopping-web\conf\Catalina\conf\Catalina\localhost\Shopping-web.xml]
10-Jul-2025 13:12:40.294 INFO [main] org.apache.jasper.servlet.TldScanner.scanJars At least one JAR was scanned for TLDs yet contained no TLDs. Enable debug logging for this logger for a complete list of JARs that were scanned but no TLDs were found in them. Skipping unneeded JARs during scanning can improve startup time and JSP compilation time.
10-Jul-2025 13:12:40.485 INFO [main] org.apache.catalina.startup.HostConfig.deployDescriptor Deployment of deployment descriptor [D:\java\Shopping-web\conf\Catalina\conf\Catalina\localhost\Shopping-web.xml] has finished in [2,169] ms
10-Jul-2025 13:12:40.492 INFO [main] org.apache.coyote.AbstractProtocol.start Starting ProtocolHandler ["http-nio-8080"]
10-Jul-2025 13:12:40.554 INFO [main] org.apache.catalina.startup.Catalina.start Server startup in [2390] milliseconds
10-Jul-2025 13:14:18.551 INFO [Thread-1] org.apache.coyote.AbstractProtocol.pause Pausing ProtocolHandler ["http-nio-8080"]
10-Jul-2025 13:14:18.599 INFO [Thread-1] org.apache.catalina.core.StandardService.stopInternal Stopping service [Catalina]
10-Jul-2025 13:14:18.645 INFO [Thread-1] org.apache.coyote.AbstractProtocol.stop Stopping ProtocolHandler ["http-nio-8080"]
10-Jul-2025 13:14:18.665 INFO [Thread-1] org.apache.coyote.AbstractProtocol.destroy Destroying ProtocolHandler ["http-nio-8080"]
10-Jul-2025 13:15:26.469 INFO [main] org.apache.catalina.startup.VersionLoggerListener.log Server version name:   Apache Tomcat/11.0.9
10-Jul-2025 13:15:26.479 INFO [main] org.apache.catalina.startup.VersionLoggerListener.log Server built:          Jul 1 2025 20:39:04 UTC
10-Jul-2025 13:15:26.479 INFO [main] org.apache.catalina.startup.VersionLoggerListener.log Server version number: 11.0.9.0
10-Jul-2025 13:15:26.480 INFO [main] org.apache.catalina.startup.VersionLoggerListener.log OS Name:               Windows 11
10-Jul-2025 13:15:26.481 INFO [main] org.apache.catalina.startup.VersionLoggerListener.log OS Version:            10.0
10-Jul-2025 13:15:26.481 INFO [main] org.apache.catalina.startup.VersionLoggerListener.log Architecture:          amd64
10-Jul-2025 13:15:26.482 INFO [main] org.apache.catalina.startup.VersionLoggerListener.log Java Home:             C:\Program Files\Java\jdk-23
10-Jul-2025 13:15:26.482 INFO [main] org.apache.catalina.startup.VersionLoggerListener.log JVM Version:           23.0.2+7-58
10-Jul-2025 13:15:26.483 INFO [main] org.apache.catalina.startup.VersionLoggerListener.log JVM Vendor:            Oracle Corporation
10-Jul-2025 13:15:26.486 INFO [main] org.apache.catalina.startup.VersionLoggerListener.log CATALINA_BASE:         D:\java\Shopping-web\conf\Catalina
10-Jul-2025 13:15:26.486 INFO [main] org.apache.catalina.startup.VersionLoggerListener.log CATALINA_HOME:         C:\Program Files\Apache Software Foundation\Tomcat 11.0
10-Jul-2025 13:15:26.506 INFO [main] org.apache.catalina.startup.VersionLoggerListener.log Command line argument: --add-opens=java.base/java.lang=ALL-UNNAMED
10-Jul-2025 13:15:26.506 INFO [main] org.apache.catalina.startup.VersionLoggerListener.log Command line argument: --add-opens=java.base/java.io=ALL-UNNAMED
10-Jul-2025 13:15:26.506 INFO [main] org.apache.catalina.startup.VersionLoggerListener.log Command line argument: --add-opens=java.base/java.util=ALL-UNNAMED
10-Jul-2025 13:15:26.507 INFO [main] org.apache.catalina.startup.VersionLoggerListener.log Command line argument: --add-opens=java.base/java.util.concurrent=ALL-UNNAMED
10-Jul-2025 13:15:26.507 INFO [main] org.apache.catalina.startup.VersionLoggerListener.log Command line argument: --add-opens=java.rmi/sun.rmi.transport=ALL-UNNAMED
10-Jul-2025 13:15:26.507 INFO [main] org.apache.catalina.startup.VersionLoggerListener.log Command line argument: -Dcatalina.home=C:\Program Files\Apache Software Foundation\Tomcat 11.0
10-Jul-2025 13:15:26.508 INFO [main] org.apache.catalina.startup.VersionLoggerListener.log Command line argument: -Dcatalina.base=D:\java\Shopping-web\conf\Catalina
10-Jul-2025 13:15:26.508 INFO [main] org.apache.catalina.startup.VersionLoggerListener.log Command line argument: -Djava.io.tmpdir=D:\java\Shopping-web\conf\Catalina\temp
10-Jul-2025 13:15:26.508 INFO [main] org.apache.catalina.startup.VersionLoggerListener.log Command line argument: -Djava.util.logging.config.file=D:\java\Shopping-web\conf\Catalina\conf\logging.properties
10-Jul-2025 13:15:26.508 INFO [main] org.apache.catalina.startup.VersionLoggerListener.log Command line argument: -Djava.util.logging.manager=org.apache.juli.ClassLoaderLogManager
10-Jul-2025 13:15:26.508 INFO [main] org.apache.catalina.startup.VersionLoggerListener.log Command line argument: -javaagent:C:\Program Files\JetBrains\IntelliJ IDEA Community Edition 2024.3.2.2\lib\idea_rt.jar=64915
10-Jul-2025 13:15:26.508 INFO [main] org.apache.catalina.startup.VersionLoggerListener.log Command line argument: -Dfile.encoding=UTF-8
10-Jul-2025 13:15:26.509 INFO [main] org.apache.catalina.startup.VersionLoggerListener.log Command line argument: -Dsun.stdout.encoding=UTF-8
10-Jul-2025 13:15:26.509 INFO [main] org.apache.catalina.startup.VersionLoggerListener.log Command line argument: -Dsun.stderr.encoding=UTF-8
10-Jul-2025 13:15:26.520 INFO [main] org.apache.catalina.core.AprLifecycleListener.lifecycleEvent The Apache Tomcat Native library which allows using OpenSSL was not found on the java.library.path: [C:\Program Files\Java\jdk-23\bin;C:\WINDOWS\Sun\Java\bin;C:\WINDOWS\system32;C:\WINDOWS;C:\Program Files\Common Files\Oracle\Java\javapath;C:\WINDOWS\system32;C:\WINDOWS;C:\WINDOWS\System32\Wbem;C:\WINDOWS\System32\WindowsPowerShell\v1.0\;C:\WINDOWS\System32\OpenSSH\;C:\Program Files\Git\cmd;C:\Users\SMART\AppData\Local\Programs\Python\Python313\Scripts\;C:\Users\SMART\AppData\Local\Programs\Python\Python313\;C:\Users\SMART\AppData\Local\Microsoft\WindowsApps;C:\Users\SMART\AppData\Local\Programs\Microsoft VS Code\bin;C:\Program Files\Java\jdk-23\bin;;.]
10-Jul-2025 13:15:27.206 INFO [main] org.apache.coyote.AbstractProtocol.init Initializing ProtocolHandler ["http-nio-8080"]
10-Jul-2025 13:15:27.244 INFO [main] org.apache.catalina.startup.Catalina.load Server initialization in [1175] milliseconds
10-Jul-2025 13:15:27.386 INFO [main] org.apache.catalina.core.StandardService.startInternal Starting service [Catalina]
10-Jul-2025 13:15:27.387 INFO [main] org.apache.catalina.core.StandardEngine.startInternal Starting Servlet engine: [Apache Tomcat/11.0.9]
10-Jul-2025 13:15:27.411 INFO [main] org.apache.catalina.startup.HostConfig.deployDescriptor Deploying deployment descriptor [D:\java\Shopping-web\conf\Catalina\conf\Catalina\localhost\Shopping-web.xml]
10-Jul-2025 13:15:29.543 INFO [main] org.apache.jasper.servlet.TldScanner.scanJars At least one JAR was scanned for TLDs yet contained no TLDs. Enable debug logging for this logger for a complete list of JARs that were scanned but no TLDs were found in them. Skipping unneeded JARs during scanning can improve startup time and JSP compilation time.
10-Jul-2025 13:15:29.724 INFO [main] org.apache.catalina.startup.HostConfig.deployDescriptor Deployment of deployment descriptor [D:\java\Shopping-web\conf\Catalina\conf\Catalina\localhost\Shopping-web.xml] has finished in [2,312] ms
10-Jul-2025 13:15:29.734 INFO [main] org.apache.coyote.AbstractProtocol.start Starting ProtocolHandler ["http-nio-8080"]
10-Jul-2025 13:15:29.814 INFO [main] org.apache.catalina.startup.Catalina.start Server startup in [2568] milliseconds
10-Jul-2025 13:15:53.363 INFO [Thread-1] org.apache.coyote.AbstractProtocol.pause Pausing ProtocolHandler ["http-nio-8080"]
10-Jul-2025 13:15:53.389 INFO [Thread-1] org.apache.catalina.core.StandardService.stopInternal Stopping service [Catalina]
10-Jul-2025 13:15:53.411 INFO [Thread-1] org.apache.coyote.AbstractProtocol.stop Stopping ProtocolHandler ["http-nio-8080"]
10-Jul-2025 13:15:53.422 INFO [Thread-1] org.apache.coyote.AbstractProtocol.destroy Destroying ProtocolHandler ["http-nio-8080"]
10-Jul-2025 13:17:47.881 INFO [main] org.apache.catalina.startup.VersionLoggerListener.log Server version name:   Apache Tomcat/11.0.9
10-Jul-2025 13:17:47.890 INFO [main] org.apache.catalina.startup.VersionLoggerListener.log Server built:          Jul 1 2025 20:39:04 UTC
10-Jul-2025 13:17:47.891 INFO [main] org.apache.catalina.startup.VersionLoggerListener.log Server version number: 11.0.9.0
10-Jul-2025 13:17:47.891 INFO [main] org.apache.catalina.startup.VersionLoggerListener.log OS Name:               Windows 11
10-Jul-2025 13:17:47.891 INFO [main] org.apache.catalina.startup.VersionLoggerListener.log OS Version:            10.0
10-Jul-2025 13:17:47.892 INFO [main] org.apache.catalina.startup.VersionLoggerListener.log Architecture:          amd64
10-Jul-2025 13:17:47.892 INFO [main] org.apache.catalina.startup.VersionLoggerListener.log Java Home:             C:\Program Files\Java\jdk-23
10-Jul-2025 13:17:47.892 INFO [main] org.apache.catalina.startup.VersionLoggerListener.log JVM Version:           23.0.2+7-58
10-Jul-2025 13:17:47.893 INFO [main] org.apache.catalina.startup.VersionLoggerListener.log JVM Vendor:            Oracle Corporation
10-Jul-2025 13:17:47.893 INFO [main] org.apache.catalina.startup.VersionLoggerListener.log CATALINA_BASE:         D:\java\Shopping-web\conf\Catalina
10-Jul-2025 13:17:47.893 INFO [main] org.apache.catalina.startup.VersionLoggerListener.log CATALINA_HOME:         C:\Program Files\Apache Software Foundation\Tomcat 11.0
10-Jul-2025 13:17:47.916 INFO [main] org.apache.catalina.startup.VersionLoggerListener.log Command line argument: --add-opens=java.base/java.lang=ALL-UNNAMED
10-Jul-2025 13:17:47.917 INFO [main] org.apache.catalina.startup.VersionLoggerListener.log Command line argument: --add-opens=java.base/java.io=ALL-UNNAMED
10-Jul-2025 13:17:47.917 INFO [main] org.apache.catalina.startup.VersionLoggerListener.log Command line argument: --add-opens=java.base/java.util=ALL-UNNAMED
10-Jul-2025 13:17:47.917 INFO [main] org.apache.catalina.startup.VersionLoggerListener.log Command line argument: --add-opens=java.base/java.util.concurrent=ALL-UNNAMED
10-Jul-2025 13:17:47.917 INFO [main] org.apache.catalina.startup.VersionLoggerListener.log Command line argument: --add-opens=java.rmi/sun.rmi.transport=ALL-UNNAMED
10-Jul-2025 13:17:47.917 INFO [main] org.apache.catalina.startup.VersionLoggerListener.log Command line argument: -Dcatalina.home=C:\Program Files\Apache Software Foundation\Tomcat 11.0
10-Jul-2025 13:17:47.918 INFO [main] org.apache.catalina.startup.VersionLoggerListener.log Command line argument: -Dcatalina.base=D:\java\Shopping-web\conf\Catalina
10-Jul-2025 13:17:47.918 INFO [main] org.apache.catalina.startup.VersionLoggerListener.log Command line argument: -Djava.io.tmpdir=D:\java\Shopping-web\conf\Catalina\temp
10-Jul-2025 13:17:47.918 INFO [main] org.apache.catalina.startup.VersionLoggerListener.log Command line argument: -Djava.util.logging.config.file=D:\java\Shopping-web\conf\Catalina\conf\logging.properties
10-Jul-2025 13:17:47.918 INFO [main] org.apache.catalina.startup.VersionLoggerListener.log Command line argument: -Djava.util.logging.manager=org.apache.juli.ClassLoaderLogManager
10-Jul-2025 13:17:47.918 INFO [main] org.apache.catalina.startup.VersionLoggerListener.log Command line argument: -javaagent:C:\Program Files\JetBrains\IntelliJ IDEA Community Edition 2024.3.2.2\lib\idea_rt.jar=65047
10-Jul-2025 13:17:47.919 INFO [main] org.apache.catalina.startup.VersionLoggerListener.log Command line argument: -Dfile.encoding=UTF-8
10-Jul-2025 13:17:47.919 INFO [main] org.apache.catalina.startup.VersionLoggerListener.log Command line argument: -Dsun.stdout.encoding=UTF-8
10-Jul-2025 13:17:47.919 INFO [main] org.apache.catalina.startup.VersionLoggerListener.log Command line argument: -Dsun.stderr.encoding=UTF-8
10-Jul-2025 13:17:47.934 INFO [main] org.apache.catalina.core.AprLifecycleListener.lifecycleEvent The Apache Tomcat Native library which allows using OpenSSL was not found on the java.library.path: [C:\Program Files\Java\jdk-23\bin;C:\WINDOWS\Sun\Java\bin;C:\WINDOWS\system32;C:\WINDOWS;C:\Program Files\Common Files\Oracle\Java\javapath;C:\WINDOWS\system32;C:\WINDOWS;C:\WINDOWS\System32\Wbem;C:\WINDOWS\System32\WindowsPowerShell\v1.0\;C:\WINDOWS\System32\OpenSSH\;C:\Program Files\Git\cmd;C:\Users\SMART\AppData\Local\Programs\Python\Python313\Scripts\;C:\Users\SMART\AppData\Local\Programs\Python\Python313\;C:\Users\SMART\AppData\Local\Microsoft\WindowsApps;C:\Users\SMART\AppData\Local\Programs\Microsoft VS Code\bin;C:\Program Files\Java\jdk-23\bin;;.]
10-Jul-2025 13:17:48.627 INFO [main] org.apache.coyote.AbstractProtocol.init Initializing ProtocolHandler ["http-nio-8080"]
10-Jul-2025 13:17:48.663 INFO [main] org.apache.catalina.startup.Catalina.load Server initialization in [1174] milliseconds
10-Jul-2025 13:17:48.790 INFO [main] org.apache.catalina.core.StandardService.startInternal Starting service [Catalina]
10-Jul-2025 13:17:48.791 INFO [main] org.apache.catalina.core.StandardEngine.startInternal Starting Servlet engine: [Apache Tomcat/11.0.9]
10-Jul-2025 13:17:48.818 INFO [main] org.apache.catalina.startup.HostConfig.deployDescriptor Deploying deployment descriptor [D:\java\Shopping-web\conf\Catalina\conf\Catalina\localhost\Shopping-web.xml]
10-Jul-2025 13:17:51.219 INFO [main] org.apache.jasper.servlet.TldScanner.scanJars At least one JAR was scanned for TLDs yet contained no TLDs. Enable debug logging for this logger for a complete list of JARs that were scanned but no TLDs were found in them. Skipping unneeded JARs during scanning can improve startup time and JSP compilation time.
10-Jul-2025 13:17:51.369 INFO [main] org.apache.catalina.startup.HostConfig.deployDescriptor Deployment of deployment descriptor [D:\java\Shopping-web\conf\Catalina\conf\Catalina\localhost\Shopping-web.xml] has finished in [2,551] ms
10-Jul-2025 13:17:51.378 INFO [main] org.apache.coyote.AbstractProtocol.start Starting ProtocolHandler ["http-nio-8080"]
10-Jul-2025 13:17:51.443 INFO [main] org.apache.catalina.startup.Catalina.start Server startup in [2777] milliseconds
10-Jul-2025 13:18:20.052 INFO [Thread-1] org.apache.coyote.AbstractProtocol.pause Pausing ProtocolHandler ["http-nio-8080"]
10-Jul-2025 13:18:20.086 INFO [Thread-1] org.apache.catalina.core.StandardService.stopInternal Stopping service [Catalina]
10-Jul-2025 13:18:20.107 INFO [Thread-1] org.apache.coyote.AbstractProtocol.stop Stopping ProtocolHandler ["http-nio-8080"]
10-Jul-2025 13:18:20.146 INFO [Thread-1] org.apache.coyote.AbstractProtocol.destroy Destroying ProtocolHandler ["http-nio-8080"]
10-Jul-2025 21:25:19.077 INFO [main] org.apache.catalina.startup.VersionLoggerListener.log Server version name:   Apache Tomcat/11.0.9
10-Jul-2025 21:25:19.085 INFO [main] org.apache.catalina.startup.VersionLoggerListener.log Server built:          Jul 1 2025 20:39:04 UTC
10-Jul-2025 21:25:19.086 INFO [main] org.apache.catalina.startup.VersionLoggerListener.log Server version number: 11.0.9.0
10-Jul-2025 21:25:19.086 INFO [main] org.apache.catalina.startup.VersionLoggerListener.log OS Name:               Windows 11
10-Jul-2025 21:25:19.087 INFO [main] org.apache.catalina.startup.VersionLoggerListener.log OS Version:            10.0
10-Jul-2025 21:25:19.088 INFO [main] org.apache.catalina.startup.VersionLoggerListener.log Architecture:          amd64
10-Jul-2025 21:25:19.088 INFO [main] org.apache.catalina.startup.VersionLoggerListener.log Java Home:             C:\Program Files\Java\jdk-23
10-Jul-2025 21:25:19.088 INFO [main] org.apache.catalina.startup.VersionLoggerListener.log JVM Version:           23.0.2+7-58
10-Jul-2025 21:25:19.089 INFO [main] org.apache.catalina.startup.VersionLoggerListener.log JVM Vendor:            Oracle Corporation
10-Jul-2025 21:25:19.089 INFO [main] org.apache.catalina.startup.VersionLoggerListener.log CATALINA_BASE:         D:\java\Shopping-web\conf\Catalina
10-Jul-2025 21:25:19.089 INFO [main] org.apache.catalina.startup.VersionLoggerListener.log CATALINA_HOME:         C:\Program Files\Apache Software Foundation\Tomcat 11.0
10-Jul-2025 21:25:19.113 INFO [main] org.apache.catalina.startup.VersionLoggerListener.log Command line argument: --add-opens=java.base/java.lang=ALL-UNNAMED
10-Jul-2025 21:25:19.113 INFO [main] org.apache.catalina.startup.VersionLoggerListener.log Command line argument: --add-opens=java.base/java.io=ALL-UNNAMED
10-Jul-2025 21:25:19.113 INFO [main] org.apache.catalina.startup.VersionLoggerListener.log Command line argument: --add-opens=java.base/java.util=ALL-UNNAMED
10-Jul-2025 21:25:19.114 INFO [main] org.apache.catalina.startup.VersionLoggerListener.log Command line argument: --add-opens=java.base/java.util.concurrent=ALL-UNNAMED
10-Jul-2025 21:25:19.114 INFO [main] org.apache.catalina.startup.VersionLoggerListener.log Command line argument: --add-opens=java.rmi/sun.rmi.transport=ALL-UNNAMED
10-Jul-2025 21:25:19.114 INFO [main] org.apache.catalina.startup.VersionLoggerListener.log Command line argument: -Dcatalina.home=C:\Program Files\Apache Software Foundation\Tomcat 11.0
10-Jul-2025 21:25:19.114 INFO [main] org.apache.catalina.startup.VersionLoggerListener.log Command line argument: -Dcatalina.base=D:\java\Shopping-web\conf\Catalina
10-Jul-2025 21:25:19.116 INFO [main] org.apache.catalina.startup.VersionLoggerListener.log Command line argument: -Djava.io.tmpdir=D:\java\Shopping-web\conf\Catalina\temp
10-Jul-2025 21:25:19.116 INFO [main] org.apache.catalina.startup.VersionLoggerListener.log Command line argument: -Djava.util.logging.config.file=D:\java\Shopping-web\conf\Catalina\conf\logging.properties
10-Jul-2025 21:25:19.116 INFO [main] org.apache.catalina.startup.VersionLoggerListener.log Command line argument: -Djava.util.logging.manager=org.apache.juli.ClassLoaderLogManager
10-Jul-2025 21:25:19.117 INFO [main] org.apache.catalina.startup.VersionLoggerListener.log Command line argument: -javaagent:C:\Program Files\JetBrains\IntelliJ IDEA Community Edition 2024.3.2.2\lib\idea_rt.jar=60683
10-Jul-2025 21:25:19.117 INFO [main] org.apache.catalina.startup.VersionLoggerListener.log Command line argument: -Dfile.encoding=UTF-8
10-Jul-2025 21:25:19.117 INFO [main] org.apache.catalina.startup.VersionLoggerListener.log Command line argument: -Dsun.stdout.encoding=UTF-8
10-Jul-2025 21:25:19.117 INFO [main] org.apache.catalina.startup.VersionLoggerListener.log Command line argument: -Dsun.stderr.encoding=UTF-8
10-Jul-2025 21:25:19.128 INFO [main] org.apache.catalina.core.AprLifecycleListener.lifecycleEvent The Apache Tomcat Native library which allows using OpenSSL was not found on the java.library.path: [C:\Program Files\Java\jdk-23\bin;C:\WINDOWS\Sun\Java\bin;C:\WINDOWS\system32;C:\WINDOWS;C:\Program Files\Common Files\Oracle\Java\javapath;C:\WINDOWS\system32;C:\WINDOWS;C:\WINDOWS\System32\Wbem;C:\WINDOWS\System32\WindowsPowerShell\v1.0\;C:\WINDOWS\System32\OpenSSH\;C:\Program Files\Git\cmd;C:\Users\SMART\AppData\Local\Programs\Python\Python313\Scripts\;C:\Users\SMART\AppData\Local\Programs\Python\Python313\;C:\Users\SMART\AppData\Local\Microsoft\WindowsApps;C:\Users\SMART\AppData\Local\Programs\Microsoft VS Code\bin;C:\Program Files\Java\jdk-23\bin;;.]
10-Jul-2025 21:25:20.016 INFO [main] org.apache.coyote.AbstractProtocol.init Initializing ProtocolHandler ["http-nio-8080"]
10-Jul-2025 21:25:20.057 INFO [main] org.apache.catalina.startup.Catalina.load Server initialization in [1501] milliseconds
10-Jul-2025 21:25:20.188 INFO [main] org.apache.catalina.core.StandardService.startInternal Starting service [Catalina]
10-Jul-2025 21:25:20.189 INFO [main] org.apache.catalina.core.StandardEngine.startInternal Starting Servlet engine: [Apache Tomcat/11.0.9]
10-Jul-2025 21:25:20.209 INFO [main] org.apache.catalina.startup.HostConfig.deployDescriptor Deploying deployment descriptor [D:\java\Shopping-web\conf\Catalina\conf\Catalina\localhost\Shopping-web.xml]
10-Jul-2025 21:25:24.064 INFO [main] org.apache.jasper.servlet.TldScanner.scanJars At least one JAR was scanned for TLDs yet contained no TLDs. Enable debug logging for this logger for a complete list of JARs that were scanned but no TLDs were found in them. Skipping unneeded JARs during scanning can improve startup time and JSP compilation time.
10-Jul-2025 21:25:24.267 INFO [main] org.apache.catalina.startup.HostConfig.deployDescriptor Deployment of deployment descriptor [D:\java\Shopping-web\conf\Catalina\conf\Catalina\localhost\Shopping-web.xml] has finished in [4,056] ms
10-Jul-2025 21:25:24.279 INFO [main] org.apache.coyote.AbstractProtocol.start Starting ProtocolHandler ["http-nio-8080"]
10-Jul-2025 21:25:24.334 INFO [main] org.apache.catalina.startup.Catalina.start Server startup in [4274] milliseconds
10-Jul-2025 21:31:23.656 INFO [Thread-1] org.apache.coyote.AbstractProtocol.pause Pausing ProtocolHandler ["http-nio-8080"]
10-Jul-2025 21:31:23.675 INFO [Thread-1] org.apache.catalina.core.StandardService.stopInternal Stopping service [Catalina]
10-Jul-2025 21:31:23.709 INFO [Thread-1] org.apache.coyote.AbstractProtocol.stop Stopping ProtocolHandler ["http-nio-8080"]
10-Jul-2025 21:31:23.721 INFO [Thread-1] org.apache.coyote.AbstractProtocol.destroy Destroying ProtocolHandler ["http-nio-8080"]
10-Jul-2025 21:32:03.328 INFO [main] org.apache.catalina.startup.VersionLoggerListener.log Server version name:   Apache Tomcat/11.0.9
10-Jul-2025 21:32:03.338 INFO [main] org.apache.catalina.startup.VersionLoggerListener.log Server built:          Jul 1 2025 20:39:04 UTC
10-Jul-2025 21:32:03.339 INFO [main] org.apache.catalina.startup.VersionLoggerListener.log Server version number: 11.0.9.0
10-Jul-2025 21:32:03.339 INFO [main] org.apache.catalina.startup.VersionLoggerListener.log OS Name:               Windows 11
10-Jul-2025 21:32:03.340 INFO [main] org.apache.catalina.startup.VersionLoggerListener.log OS Version:            10.0
10-Jul-2025 21:32:03.341 INFO [main] org.apache.catalina.startup.VersionLoggerListener.log Architecture:          amd64
10-Jul-2025 21:32:03.342 INFO [main] org.apache.catalina.startup.VersionLoggerListener.log Java Home:             C:\Program Files\Java\jdk-23
10-Jul-2025 21:32:03.342 INFO [main] org.apache.catalina.startup.VersionLoggerListener.log JVM Version:           23.0.2+7-58
10-Jul-2025 21:32:03.343 INFO [main] org.apache.catalina.startup.VersionLoggerListener.log JVM Vendor:            Oracle Corporation
10-Jul-2025 21:32:03.343 INFO [main] org.apache.catalina.startup.VersionLoggerListener.log CATALINA_BASE:         D:\java\Shopping-web\conf\Catalina
10-Jul-2025 21:32:03.344 INFO [main] org.apache.catalina.startup.VersionLoggerListener.log CATALINA_HOME:         C:\Program Files\Apache Software Foundation\Tomcat 11.0
10-Jul-2025 21:32:03.365 INFO [main] org.apache.catalina.startup.VersionLoggerListener.log Command line argument: --add-opens=java.base/java.lang=ALL-UNNAMED
10-Jul-2025 21:32:03.365 INFO [main] org.apache.catalina.startup.VersionLoggerListener.log Command line argument: --add-opens=java.base/java.io=ALL-UNNAMED
10-Jul-2025 21:32:03.366 INFO [main] org.apache.catalina.startup.VersionLoggerListener.log Command line argument: --add-opens=java.base/java.util=ALL-UNNAMED
10-Jul-2025 21:32:03.366 INFO [main] org.apache.catalina.startup.VersionLoggerListener.log Command line argument: --add-opens=java.base/java.util.concurrent=ALL-UNNAMED
10-Jul-2025 21:32:03.366 INFO [main] org.apache.catalina.startup.VersionLoggerListener.log Command line argument: --add-opens=java.rmi/sun.rmi.transport=ALL-UNNAMED
10-Jul-2025 21:32:03.366 INFO [main] org.apache.catalina.startup.VersionLoggerListener.log Command line argument: -Dcatalina.home=C:\Program Files\Apache Software Foundation\Tomcat 11.0
10-Jul-2025 21:32:03.366 INFO [main] org.apache.catalina.startup.VersionLoggerListener.log Command line argument: -Dcatalina.base=D:\java\Shopping-web\conf\Catalina
10-Jul-2025 21:32:03.367 INFO [main] org.apache.catalina.startup.VersionLoggerListener.log Command line argument: -Djava.io.tmpdir=D:\java\Shopping-web\conf\Catalina\temp
10-Jul-2025 21:32:03.367 INFO [main] org.apache.catalina.startup.VersionLoggerListener.log Command line argument: -Djava.util.logging.config.file=D:\java\Shopping-web\conf\Catalina\conf\logging.properties
10-Jul-2025 21:32:03.367 INFO [main] org.apache.catalina.startup.VersionLoggerListener.log Command line argument: -Djava.util.logging.manager=org.apache.juli.ClassLoaderLogManager
10-Jul-2025 21:32:03.367 INFO [main] org.apache.catalina.startup.VersionLoggerListener.log Command line argument: -javaagent:C:\Program Files\JetBrains\IntelliJ IDEA Community Edition 2024.3.2.2\lib\idea_rt.jar=60776
10-Jul-2025 21:32:03.368 INFO [main] org.apache.catalina.startup.VersionLoggerListener.log Command line argument: -Dfile.encoding=UTF-8
10-Jul-2025 21:32:03.368 INFO [main] org.apache.catalina.startup.VersionLoggerListener.log Command line argument: -Dsun.stdout.encoding=UTF-8
10-Jul-2025 21:32:03.368 INFO [main] org.apache.catalina.startup.VersionLoggerListener.log Command line argument: -Dsun.stderr.encoding=UTF-8
10-Jul-2025 21:32:03.380 INFO [main] org.apache.catalina.core.AprLifecycleListener.lifecycleEvent The Apache Tomcat Native library which allows using OpenSSL was not found on the java.library.path: [C:\Program Files\Java\jdk-23\bin;C:\WINDOWS\Sun\Java\bin;C:\WINDOWS\system32;C:\WINDOWS;C:\Program Files\Common Files\Oracle\Java\javapath;C:\WINDOWS\system32;C:\WINDOWS;C:\WINDOWS\System32\Wbem;C:\WINDOWS\System32\WindowsPowerShell\v1.0\;C:\WINDOWS\System32\OpenSSH\;C:\Program Files\Git\cmd;C:\Users\SMART\AppData\Local\Programs\Python\Python313\Scripts\;C:\Users\SMART\AppData\Local\Programs\Python\Python313\;C:\Users\SMART\AppData\Local\Microsoft\WindowsApps;C:\Users\SMART\AppData\Local\Programs\Microsoft VS Code\bin;C:\Program Files\Java\jdk-23\bin;;.]
10-Jul-2025 21:32:04.073 INFO [main] org.apache.coyote.AbstractProtocol.init Initializing ProtocolHandler ["http-nio-8080"]
10-Jul-2025 21:32:04.107 INFO [main] org.apache.catalina.startup.Catalina.load Server initialization in [1169] milliseconds
10-Jul-2025 21:32:04.230 INFO [main] org.apache.catalina.core.StandardService.startInternal Starting service [Catalina]
10-Jul-2025 21:32:04.231 INFO [main] org.apache.catalina.core.StandardEngine.startInternal Starting Servlet engine: [Apache Tomcat/11.0.9]
10-Jul-2025 21:32:04.257 INFO [main] org.apache.catalina.startup.HostConfig.deployDescriptor Deploying deployment descriptor [D:\java\Shopping-web\conf\Catalina\conf\Catalina\localhost\Shopping-web.xml]
10-Jul-2025 21:32:05.162 SEVERE [main] org.apache.catalina.startup.HostConfig.deployDescriptor Error deploying deployment descriptor [D:\java\Shopping-web\conf\Catalina\conf\Catalina\localhost\Shopping-web.xml]
	java.lang.IllegalStateException: Error starting child
		at org.apache.catalina.core.ContainerBase.addChild(ContainerBase.java:569)
		at org.apache.catalina.core.StandardHost.addChild(StandardHost.java:652)
		at org.apache.catalina.startup.HostConfig.deployDescriptor(HostConfig.java:593)
		at org.apache.catalina.startup.HostConfig$DeployDescriptor.run(HostConfig.java:1831)
		at java.base/java.util.concurrent.Executors$RunnableAdapter.call(Executors.java:572)
		at java.base/java.util.concurrent.FutureTask.run(FutureTask.java:317)
		at org.apache.tomcat.util.threads.InlineExecutorService.execute(InlineExecutorService.java:75)
		at java.base/java.util.concurrent.AbstractExecutorService.submit(AbstractExecutorService.java:124)
		at org.apache.catalina.startup.HostConfig.deployDescriptors(HostConfig.java:488)
		at org.apache.catalina.startup.HostConfig.deployApps(HostConfig.java:379)
		at org.apache.catalina.startup.HostConfig.start(HostConfig.java:1582)
		at org.apache.catalina.startup.HostConfig.lifecycleEvent(HostConfig.java:265)
		at org.apache.catalina.util.LifecycleBase.fireLifecycleEvent(LifecycleBase.java:109)
		at org.apache.catalina.util.LifecycleBase.setStateInternal(LifecycleBase.java:389)
		at org.apache.catalina.util.LifecycleBase.setState(LifecycleBase.java:336)
		at org.apache.catalina.core.ContainerBase.startInternal(ContainerBase.java:743)
		at org.apache.catalina.core.StandardHost.startInternal(StandardHost.java:769)
		at org.apache.catalina.util.LifecycleBase.start(LifecycleBase.java:164)
		at org.apache.catalina.core.ContainerBase$StartChild.call(ContainerBase.java:1164)
		at org.apache.catalina.core.ContainerBase$StartChild.call(ContainerBase.java:1160)
		at java.base/java.util.concurrent.FutureTask.run(FutureTask.java:317)
		at org.apache.tomcat.util.threads.InlineExecutorService.execute(InlineExecutorService.java:75)
		at java.base/java.util.concurrent.AbstractExecutorService.submit(AbstractExecutorService.java:148)
		at org.apache.catalina.core.ContainerBase.startInternal(ContainerBase.java:716)
		at org.apache.catalina.core.StandardEngine.startInternal(StandardEngine.java:203)
		at org.apache.catalina.util.LifecycleBase.start(LifecycleBase.java:164)
		at org.apache.catalina.core.StandardService.startInternal(StandardService.java:412)
		at org.apache.catalina.util.LifecycleBase.start(LifecycleBase.java:164)
		at org.apache.catalina.core.StandardServer.startInternal(StandardServer.java:866)
		at org.apache.catalina.util.LifecycleBase.start(LifecycleBase.java:164)
		at org.apache.catalina.startup.Catalina.start(Catalina.java:759)
		at java.base/jdk.internal.reflect.DirectMethodHandleAccessor.invoke(DirectMethodHandleAccessor.java:103)
		at java.base/java.lang.reflect.Method.invoke(Method.java:580)
		at org.apache.catalina.startup.Bootstrap.start(Bootstrap.java:342)
		at org.apache.catalina.startup.Bootstrap.main(Bootstrap.java:473)
	Caused by: org.apache.catalina.LifecycleException: Failed to start component [StandardEngine[Catalina].StandardHost[localhost].StandardContext[/Shopping-web]]
		at org.apache.catalina.util.LifecycleBase.handleSubClassException(LifecycleBase.java:406)
		at org.apache.catalina.util.LifecycleBase.start(LifecycleBase.java:179)
		at org.apache.catalina.core.ContainerBase.addChild(ContainerBase.java:566)
		... 34 more
	Caused by: java.lang.IllegalArgumentException: The servlets named [RegisterServlet] and [servlets.RegisterServlet] are both mapped to the url-pattern [/register] which is not permitted
		at org.apache.tomcat.util.descriptor.web.WebXml.addServletMappingDecoded(WebXml.java:419)
		at org.apache.tomcat.util.descriptor.web.WebXml.addServletMapping(WebXml.java:410)
		at org.apache.catalina.startup.ContextConfig.processAnnotationWebServlet(ContextConfig.java:2543)
		at org.apache.catalina.startup.ContextConfig.processClass(ContextConfig.java:2249)
		at org.apache.catalina.startup.ContextConfig.processAnnotationsStream(ContextConfig.java:2238)
		at org.apache.catalina.startup.ContextConfig.processAnnotationsWebResource(ContextConfig.java:2149)
		at org.apache.catalina.startup.ContextConfig.processAnnotationsWebResource(ContextConfig.java:2144)
		at org.apache.catalina.startup.ContextConfig.processClasses(ContextConfig.java:1358)
		at org.apache.catalina.startup.ContextConfig.webConfig(ContextConfig.java:1268)
		at org.apache.catalina.startup.ContextConfig.configureStart(ContextConfig.java:969)
		at org.apache.catalina.startup.ContextConfig.lifecycleEvent(ContextConfig.java:290)
		at org.apache.catalina.util.LifecycleBase.fireLifecycleEvent(LifecycleBase.java:109)
		at org.apache.catalina.core.StandardContext.startInternal(StandardContext.java:4346)
		at org.apache.catalina.util.LifecycleBase.start(LifecycleBase.java:164)
		... 35 more
10-Jul-2025 21:32:05.179 INFO [main] org.apache.catalina.startup.HostConfig.deployDescriptor Deployment of deployment descriptor [D:\java\Shopping-web\conf\Catalina\conf\Catalina\localhost\Shopping-web.xml] has finished in [921] ms
10-Jul-2025 21:32:05.195 INFO [main] org.apache.coyote.AbstractProtocol.start Starting ProtocolHandler ["http-nio-8080"]
10-Jul-2025 21:32:05.486 INFO [main] org.apache.catalina.startup.Catalina.start Server startup in [1377] milliseconds
10-Jul-2025 21:33:00.294 INFO [Thread-1] org.apache.coyote.AbstractProtocol.pause Pausing ProtocolHandler ["http-nio-8080"]
10-Jul-2025 21:33:00.309 INFO [Thread-1] org.apache.catalina.core.StandardService.stopInternal Stopping service [Catalina]
10-Jul-2025 21:33:00.311 INFO [Thread-1] org.apache.coyote.AbstractProtocol.stop Stopping ProtocolHandler ["http-nio-8080"]
10-Jul-2025 21:33:00.317 INFO [Thread-1] org.apache.coyote.AbstractProtocol.destroy Destroying ProtocolHandler ["http-nio-8080"]
10-Jul-2025 21:33:08.783 INFO [main] org.apache.catalina.startup.VersionLoggerListener.log Server version name:   Apache Tomcat/11.0.9
10-Jul-2025 21:33:08.789 INFO [main] org.apache.catalina.startup.VersionLoggerListener.log Server built:          Jul 1 2025 20:39:04 UTC
10-Jul-2025 21:33:08.790 INFO [main] org.apache.catalina.startup.VersionLoggerListener.log Server version number: 11.0.9.0
10-Jul-2025 21:33:08.792 INFO [main] org.apache.catalina.startup.VersionLoggerListener.log OS Name:               Windows 11
10-Jul-2025 21:33:08.792 INFO [main] org.apache.catalina.startup.VersionLoggerListener.log OS Version:            10.0
10-Jul-2025 21:33:08.793 INFO [main] org.apache.catalina.startup.VersionLoggerListener.log Architecture:          amd64
10-Jul-2025 21:33:08.793 INFO [main] org.apache.catalina.startup.VersionLoggerListener.log Java Home:             C:\Program Files\Java\jdk-23
10-Jul-2025 21:33:08.793 INFO [main] org.apache.catalina.startup.VersionLoggerListener.log JVM Version:           23.0.2+7-58
10-Jul-2025 21:33:08.793 INFO [main] org.apache.catalina.startup.VersionLoggerListener.log JVM Vendor:            Oracle Corporation
10-Jul-2025 21:33:08.794 INFO [main] org.apache.catalina.startup.VersionLoggerListener.log CATALINA_BASE:         D:\java\Shopping-web\conf\Catalina
10-Jul-2025 21:33:08.794 INFO [main] org.apache.catalina.startup.VersionLoggerListener.log CATALINA_HOME:         C:\Program Files\Apache Software Foundation\Tomcat 11.0
10-Jul-2025 21:33:08.814 INFO [main] org.apache.catalina.startup.VersionLoggerListener.log Command line argument: --add-opens=java.base/java.lang=ALL-UNNAMED
10-Jul-2025 21:33:08.814 INFO [main] org.apache.catalina.startup.VersionLoggerListener.log Command line argument: --add-opens=java.base/java.io=ALL-UNNAMED
10-Jul-2025 21:33:08.814 INFO [main] org.apache.catalina.startup.VersionLoggerListener.log Command line argument: --add-opens=java.base/java.util=ALL-UNNAMED
10-Jul-2025 21:33:08.814 INFO [main] org.apache.catalina.startup.VersionLoggerListener.log Command line argument: --add-opens=java.base/java.util.concurrent=ALL-UNNAMED
10-Jul-2025 21:33:08.815 INFO [main] org.apache.catalina.startup.VersionLoggerListener.log Command line argument: --add-opens=java.rmi/sun.rmi.transport=ALL-UNNAMED
10-Jul-2025 21:33:08.815 INFO [main] org.apache.catalina.startup.VersionLoggerListener.log Command line argument: -Dcatalina.home=C:\Program Files\Apache Software Foundation\Tomcat 11.0
10-Jul-2025 21:33:08.815 INFO [main] org.apache.catalina.startup.VersionLoggerListener.log Command line argument: -Dcatalina.base=D:\java\Shopping-web\conf\Catalina
10-Jul-2025 21:33:08.815 INFO [main] org.apache.catalina.startup.VersionLoggerListener.log Command line argument: -Djava.io.tmpdir=D:\java\Shopping-web\conf\Catalina\temp
10-Jul-2025 21:33:08.817 INFO [main] org.apache.catalina.startup.VersionLoggerListener.log Command line argument: -Djava.util.logging.config.file=D:\java\Shopping-web\conf\Catalina\conf\logging.properties
10-Jul-2025 21:33:08.817 INFO [main] org.apache.catalina.startup.VersionLoggerListener.log Command line argument: -Djava.util.logging.manager=org.apache.juli.ClassLoaderLogManager
10-Jul-2025 21:33:08.818 INFO [main] org.apache.catalina.startup.VersionLoggerListener.log Command line argument: -javaagent:C:\Program Files\JetBrains\IntelliJ IDEA Community Edition 2024.3.2.2\lib\idea_rt.jar=60792
10-Jul-2025 21:33:08.818 INFO [main] org.apache.catalina.startup.VersionLoggerListener.log Command line argument: -Dfile.encoding=UTF-8
10-Jul-2025 21:33:08.819 INFO [main] org.apache.catalina.startup.VersionLoggerListener.log Command line argument: -Dsun.stdout.encoding=UTF-8
10-Jul-2025 21:33:08.819 INFO [main] org.apache.catalina.startup.VersionLoggerListener.log Command line argument: -Dsun.stderr.encoding=UTF-8
10-Jul-2025 21:33:08.832 INFO [main] org.apache.catalina.core.AprLifecycleListener.lifecycleEvent The Apache Tomcat Native library which allows using OpenSSL was not found on the java.library.path: [C:\Program Files\Java\jdk-23\bin;C:\WINDOWS\Sun\Java\bin;C:\WINDOWS\system32;C:\WINDOWS;C:\Program Files\Common Files\Oracle\Java\javapath;C:\WINDOWS\system32;C:\WINDOWS;C:\WINDOWS\System32\Wbem;C:\WINDOWS\System32\WindowsPowerShell\v1.0\;C:\WINDOWS\System32\OpenSSH\;C:\Program Files\Git\cmd;C:\Users\SMART\AppData\Local\Programs\Python\Python313\Scripts\;C:\Users\SMART\AppData\Local\Programs\Python\Python313\;C:\Users\SMART\AppData\Local\Microsoft\WindowsApps;C:\Users\SMART\AppData\Local\Programs\Microsoft VS Code\bin;C:\Program Files\Java\jdk-23\bin;;.]
10-Jul-2025 21:33:09.531 INFO [main] org.apache.coyote.AbstractProtocol.init Initializing ProtocolHandler ["http-nio-8080"]
10-Jul-2025 21:33:09.567 INFO [main] org.apache.catalina.startup.Catalina.load Server initialization in [1176] milliseconds
10-Jul-2025 21:33:09.701 INFO [main] org.apache.catalina.core.StandardService.startInternal Starting service [Catalina]
10-Jul-2025 21:33:09.701 INFO [main] org.apache.catalina.core.StandardEngine.startInternal Starting Servlet engine: [Apache Tomcat/11.0.9]
10-Jul-2025 21:33:09.729 INFO [main] org.apache.catalina.startup.HostConfig.deployDescriptor Deploying deployment descriptor [D:\java\Shopping-web\conf\Catalina\conf\Catalina\localhost\Shopping-web.xml]
10-Jul-2025 21:33:12.162 INFO [main] org.apache.jasper.servlet.TldScanner.scanJars At least one JAR was scanned for TLDs yet contained no TLDs. Enable debug logging for this logger for a complete list of JARs that were scanned but no TLDs were found in them. Skipping unneeded JARs during scanning can improve startup time and JSP compilation time.
10-Jul-2025 21:33:12.324 INFO [main] org.apache.catalina.startup.HostConfig.deployDescriptor Deployment of deployment descriptor [D:\java\Shopping-web\conf\Catalina\conf\Catalina\localhost\Shopping-web.xml] has finished in [2,595] ms
10-Jul-2025 21:33:12.331 INFO [main] org.apache.coyote.AbstractProtocol.start Starting ProtocolHandler ["http-nio-8080"]
10-Jul-2025 21:33:12.390 INFO [main] org.apache.catalina.startup.Catalina.start Server startup in [2821] milliseconds
10-Jul-2025 21:39:05.365 INFO [Thread-1] org.apache.coyote.AbstractProtocol.pause Pausing ProtocolHandler ["http-nio-8080"]
10-Jul-2025 21:39:05.415 INFO [Thread-1] org.apache.catalina.core.StandardService.stopInternal Stopping service [Catalina]
10-Jul-2025 21:39:05.456 INFO [Thread-1] org.apache.coyote.AbstractProtocol.stop Stopping ProtocolHandler ["http-nio-8080"]
10-Jul-2025 21:39:05.475 INFO [Thread-1] org.apache.coyote.AbstractProtocol.destroy Destroying ProtocolHandler ["http-nio-8080"]
10-Jul-2025 21:39:29.522 INFO [main] org.apache.catalina.startup.VersionLoggerListener.log Server version name:   Apache Tomcat/11.0.9
10-Jul-2025 21:39:29.530 INFO [main] org.apache.catalina.startup.VersionLoggerListener.log Server built:          Jul 1 2025 20:39:04 UTC
10-Jul-2025 21:39:29.531 INFO [main] org.apache.catalina.startup.VersionLoggerListener.log Server version number: 11.0.9.0
10-Jul-2025 21:39:29.531 INFO [main] org.apache.catalina.startup.VersionLoggerListener.log OS Name:               Windows 11
10-Jul-2025 21:39:29.532 INFO [main] org.apache.catalina.startup.VersionLoggerListener.log OS Version:            10.0
10-Jul-2025 21:39:29.534 INFO [main] org.apache.catalina.startup.VersionLoggerListener.log Architecture:          amd64
10-Jul-2025 21:39:29.534 INFO [main] org.apache.catalina.startup.VersionLoggerListener.log Java Home:             C:\Program Files\Java\jdk-23
10-Jul-2025 21:39:29.535 INFO [main] org.apache.catalina.startup.VersionLoggerListener.log JVM Version:           23.0.2+7-58
10-Jul-2025 21:39:29.536 INFO [main] org.apache.catalina.startup.VersionLoggerListener.log JVM Vendor:            Oracle Corporation
10-Jul-2025 21:39:29.537 INFO [main] org.apache.catalina.startup.VersionLoggerListener.log CATALINA_BASE:         D:\java\Shopping-web\conf\Catalina
10-Jul-2025 21:39:29.538 INFO [main] org.apache.catalina.startup.VersionLoggerListener.log CATALINA_HOME:         C:\Program Files\Apache Software Foundation\Tomcat 11.0
10-Jul-2025 21:39:29.559 INFO [main] org.apache.catalina.startup.VersionLoggerListener.log Command line argument: --add-opens=java.base/java.lang=ALL-UNNAMED
10-Jul-2025 21:39:29.559 INFO [main] org.apache.catalina.startup.VersionLoggerListener.log Command line argument: --add-opens=java.base/java.io=ALL-UNNAMED
10-Jul-2025 21:39:29.559 INFO [main] org.apache.catalina.startup.VersionLoggerListener.log Command line argument: --add-opens=java.base/java.util=ALL-UNNAMED
10-Jul-2025 21:39:29.560 INFO [main] org.apache.catalina.startup.VersionLoggerListener.log Command line argument: --add-opens=java.base/java.util.concurrent=ALL-UNNAMED
10-Jul-2025 21:39:29.560 INFO [main] org.apache.catalina.startup.VersionLoggerListener.log Command line argument: --add-opens=java.rmi/sun.rmi.transport=ALL-UNNAMED
10-Jul-2025 21:39:29.560 INFO [main] org.apache.catalina.startup.VersionLoggerListener.log Command line argument: -Dcatalina.home=C:\Program Files\Apache Software Foundation\Tomcat 11.0
10-Jul-2025 21:39:29.560 INFO [main] org.apache.catalina.startup.VersionLoggerListener.log Command line argument: -Dcatalina.base=D:\java\Shopping-web\conf\Catalina
10-Jul-2025 21:39:29.560 INFO [main] org.apache.catalina.startup.VersionLoggerListener.log Command line argument: -Djava.io.tmpdir=D:\java\Shopping-web\conf\Catalina\temp
10-Jul-2025 21:39:29.561 INFO [main] org.apache.catalina.startup.VersionLoggerListener.log Command line argument: -Djava.util.logging.config.file=D:\java\Shopping-web\conf\Catalina\conf\logging.properties
10-Jul-2025 21:39:29.562 INFO [main] org.apache.catalina.startup.VersionLoggerListener.log Command line argument: -Djava.util.logging.manager=org.apache.juli.ClassLoaderLogManager
10-Jul-2025 21:39:29.562 INFO [main] org.apache.catalina.startup.VersionLoggerListener.log Command line argument: -javaagent:C:\Program Files\JetBrains\IntelliJ IDEA Community Edition 2024.3.2.2\lib\idea_rt.jar=60851
10-Jul-2025 21:39:29.562 INFO [main] org.apache.catalina.startup.VersionLoggerListener.log Command line argument: -Dfile.encoding=UTF-8
10-Jul-2025 21:39:29.563 INFO [main] org.apache.catalina.startup.VersionLoggerListener.log Command line argument: -Dsun.stdout.encoding=UTF-8
10-Jul-2025 21:39:29.563 INFO [main] org.apache.catalina.startup.VersionLoggerListener.log Command line argument: -Dsun.stderr.encoding=UTF-8
10-Jul-2025 21:39:29.573 INFO [main] org.apache.catalina.core.AprLifecycleListener.lifecycleEvent The Apache Tomcat Native library which allows using OpenSSL was not found on the java.library.path: [C:\Program Files\Java\jdk-23\bin;C:\WINDOWS\Sun\Java\bin;C:\WINDOWS\system32;C:\WINDOWS;C:\Program Files\Common Files\Oracle\Java\javapath;C:\WINDOWS\system32;C:\WINDOWS;C:\WINDOWS\System32\Wbem;C:\WINDOWS\System32\WindowsPowerShell\v1.0\;C:\WINDOWS\System32\OpenSSH\;C:\Program Files\Git\cmd;C:\Users\SMART\AppData\Local\Programs\Python\Python313\Scripts\;C:\Users\SMART\AppData\Local\Programs\Python\Python313\;C:\Users\SMART\AppData\Local\Microsoft\WindowsApps;C:\Users\SMART\AppData\Local\Programs\Microsoft VS Code\bin;C:\Program Files\Java\jdk-23\bin;;.]
10-Jul-2025 21:39:30.250 INFO [main] org.apache.coyote.AbstractProtocol.init Initializing ProtocolHandler ["http-nio-8080"]
10-Jul-2025 21:39:30.284 INFO [main] org.apache.catalina.startup.Catalina.load Server initialization in [1163] milliseconds
10-Jul-2025 21:39:30.411 INFO [main] org.apache.catalina.core.StandardService.startInternal Starting service [Catalina]
10-Jul-2025 21:39:30.412 INFO [main] org.apache.catalina.core.StandardEngine.startInternal Starting Servlet engine: [Apache Tomcat/11.0.9]
10-Jul-2025 21:39:30.441 INFO [main] org.apache.catalina.startup.HostConfig.deployDescriptor Deploying deployment descriptor [D:\java\Shopping-web\conf\Catalina\conf\Catalina\localhost\Shopping-web.xml]
10-Jul-2025 21:39:32.809 INFO [main] org.apache.jasper.servlet.TldScanner.scanJars At least one JAR was scanned for TLDs yet contained no TLDs. Enable debug logging for this logger for a complete list of JARs that were scanned but no TLDs were found in them. Skipping unneeded JARs during scanning can improve startup time and JSP compilation time.
10-Jul-2025 21:39:32.984 INFO [main] org.apache.catalina.startup.HostConfig.deployDescriptor Deployment of deployment descriptor [D:\java\Shopping-web\conf\Catalina\conf\Catalina\localhost\Shopping-web.xml] has finished in [2,543] ms
10-Jul-2025 21:39:33.014 INFO [main] org.apache.coyote.AbstractProtocol.start Starting ProtocolHandler ["http-nio-8080"]
10-Jul-2025 21:39:33.130 INFO [main] org.apache.catalina.startup.Catalina.start Server startup in [2841] milliseconds
10-Jul-2025 21:43:20.520 INFO [Thread-1] org.apache.coyote.AbstractProtocol.pause Pausing ProtocolHandler ["http-nio-8080"]
10-Jul-2025 21:43:20.562 INFO [Thread-1] org.apache.catalina.core.StandardService.stopInternal Stopping service [Catalina]
10-Jul-2025 21:43:20.587 INFO [Thread-1] org.apache.coyote.AbstractProtocol.stop Stopping ProtocolHandler ["http-nio-8080"]
10-Jul-2025 21:43:20.601 INFO [Thread-1] org.apache.coyote.AbstractProtocol.destroy Destroying ProtocolHandler ["http-nio-8080"]
10-Jul-2025 21:43:27.325 INFO [main] org.apache.catalina.startup.VersionLoggerListener.log Server version name:   Apache Tomcat/11.0.9
10-Jul-2025 21:43:27.332 INFO [main] org.apache.catalina.startup.VersionLoggerListener.log Server built:          Jul 1 2025 20:39:04 UTC
10-Jul-2025 21:43:27.332 INFO [main] org.apache.catalina.startup.VersionLoggerListener.log Server version number: 11.0.9.0
10-Jul-2025 21:43:27.334 INFO [main] org.apache.catalina.startup.VersionLoggerListener.log OS Name:               Windows 11
10-Jul-2025 21:43:27.334 INFO [main] org.apache.catalina.startup.VersionLoggerListener.log OS Version:            10.0
10-Jul-2025 21:43:27.334 INFO [main] org.apache.catalina.startup.VersionLoggerListener.log Architecture:          amd64
10-Jul-2025 21:43:27.335 INFO [main] org.apache.catalina.startup.VersionLoggerListener.log Java Home:             C:\Program Files\Java\jdk-23
10-Jul-2025 21:43:27.335 INFO [main] org.apache.catalina.startup.VersionLoggerListener.log JVM Version:           23.0.2+7-58
10-Jul-2025 21:43:27.335 INFO [main] org.apache.catalina.startup.VersionLoggerListener.log JVM Vendor:            Oracle Corporation
10-Jul-2025 21:43:27.336 INFO [main] org.apache.catalina.startup.VersionLoggerListener.log CATALINA_BASE:         D:\java\Shopping-web\conf\Catalina
10-Jul-2025 21:43:27.336 INFO [main] org.apache.catalina.startup.VersionLoggerListener.log CATALINA_HOME:         C:\Program Files\Apache Software Foundation\Tomcat 11.0
10-Jul-2025 21:43:27.355 INFO [main] org.apache.catalina.startup.VersionLoggerListener.log Command line argument: --add-opens=java.base/java.lang=ALL-UNNAMED
10-Jul-2025 21:43:27.356 INFO [main] org.apache.catalina.startup.VersionLoggerListener.log Command line argument: --add-opens=java.base/java.io=ALL-UNNAMED
10-Jul-2025 21:43:27.356 INFO [main] org.apache.catalina.startup.VersionLoggerListener.log Command line argument: --add-opens=java.base/java.util=ALL-UNNAMED
10-Jul-2025 21:43:27.356 INFO [main] org.apache.catalina.startup.VersionLoggerListener.log Command line argument: --add-opens=java.base/java.util.concurrent=ALL-UNNAMED
10-Jul-2025 21:43:27.356 INFO [main] org.apache.catalina.startup.VersionLoggerListener.log Command line argument: --add-opens=java.rmi/sun.rmi.transport=ALL-UNNAMED
10-Jul-2025 21:43:27.357 INFO [main] org.apache.catalina.startup.VersionLoggerListener.log Command line argument: -Dcatalina.home=C:\Program Files\Apache Software Foundation\Tomcat 11.0
10-Jul-2025 21:43:27.357 INFO [main] org.apache.catalina.startup.VersionLoggerListener.log Command line argument: -Dcatalina.base=D:\java\Shopping-web\conf\Catalina
10-Jul-2025 21:43:27.357 INFO [main] org.apache.catalina.startup.VersionLoggerListener.log Command line argument: -Djava.io.tmpdir=D:\java\Shopping-web\conf\Catalina\temp
10-Jul-2025 21:43:27.357 INFO [main] org.apache.catalina.startup.VersionLoggerListener.log Command line argument: -Djava.util.logging.config.file=D:\java\Shopping-web\conf\Catalina\conf\logging.properties
10-Jul-2025 21:43:27.358 INFO [main] org.apache.catalina.startup.VersionLoggerListener.log Command line argument: -Djava.util.logging.manager=org.apache.juli.ClassLoaderLogManager
10-Jul-2025 21:43:27.358 INFO [main] org.apache.catalina.startup.VersionLoggerListener.log Command line argument: -javaagent:C:\Program Files\JetBrains\IntelliJ IDEA Community Edition 2024.3.2.2\lib\idea_rt.jar=60921
10-Jul-2025 21:43:27.358 INFO [main] org.apache.catalina.startup.VersionLoggerListener.log Command line argument: -Dfile.encoding=UTF-8
10-Jul-2025 21:43:27.360 INFO [main] org.apache.catalina.startup.VersionLoggerListener.log Command line argument: -Dsun.stdout.encoding=UTF-8
10-Jul-2025 21:43:27.360 INFO [main] org.apache.catalina.startup.VersionLoggerListener.log Command line argument: -Dsun.stderr.encoding=UTF-8
10-Jul-2025 21:43:27.373 INFO [main] org.apache.catalina.core.AprLifecycleListener.lifecycleEvent The Apache Tomcat Native library which allows using OpenSSL was not found on the java.library.path: [C:\Program Files\Java\jdk-23\bin;C:\WINDOWS\Sun\Java\bin;C:\WINDOWS\system32;C:\WINDOWS;C:\Program Files\Common Files\Oracle\Java\javapath;C:\WINDOWS\system32;C:\WINDOWS;C:\WINDOWS\System32\Wbem;C:\WINDOWS\System32\WindowsPowerShell\v1.0\;C:\WINDOWS\System32\OpenSSH\;C:\Program Files\Git\cmd;C:\Users\SMART\AppData\Local\Programs\Python\Python313\Scripts\;C:\Users\SMART\AppData\Local\Programs\Python\Python313\;C:\Users\SMART\AppData\Local\Microsoft\WindowsApps;C:\Users\SMART\AppData\Local\Programs\Microsoft VS Code\bin;C:\Program Files\Java\jdk-23\bin;;.]
10-Jul-2025 21:43:28.068 INFO [main] org.apache.coyote.AbstractProtocol.init Initializing ProtocolHandler ["http-nio-8080"]
10-Jul-2025 21:43:28.103 INFO [main] org.apache.catalina.startup.Catalina.load Server initialization in [1193] milliseconds
10-Jul-2025 21:43:28.227 INFO [main] org.apache.catalina.core.StandardService.startInternal Starting service [Catalina]
10-Jul-2025 21:43:28.228 INFO [main] org.apache.catalina.core.StandardEngine.startInternal Starting Servlet engine: [Apache Tomcat/11.0.9]
10-Jul-2025 21:43:28.251 INFO [main] org.apache.catalina.startup.HostConfig.deployDescriptor Deploying deployment descriptor [D:\java\Shopping-web\conf\Catalina\conf\Catalina\localhost\Shopping-web.xml]
10-Jul-2025 21:43:30.268 SEVERE [main] org.apache.catalina.startup.HostConfig.deployDescriptor Error deploying deployment descriptor [D:\java\Shopping-web\conf\Catalina\conf\Catalina\localhost\Shopping-web.xml]
	java.lang.IllegalStateException: Error starting child
		at org.apache.catalina.core.ContainerBase.addChild(ContainerBase.java:569)
		at org.apache.catalina.core.StandardHost.addChild(StandardHost.java:652)
		at org.apache.catalina.startup.HostConfig.deployDescriptor(HostConfig.java:593)
		at org.apache.catalina.startup.HostConfig$DeployDescriptor.run(HostConfig.java:1831)
		at java.base/java.util.concurrent.Executors$RunnableAdapter.call(Executors.java:572)
		at java.base/java.util.concurrent.FutureTask.run(FutureTask.java:317)
		at org.apache.tomcat.util.threads.InlineExecutorService.execute(InlineExecutorService.java:75)
		at java.base/java.util.concurrent.AbstractExecutorService.submit(AbstractExecutorService.java:124)
		at org.apache.catalina.startup.HostConfig.deployDescriptors(HostConfig.java:488)
		at org.apache.catalina.startup.HostConfig.deployApps(HostConfig.java:379)
		at org.apache.catalina.startup.HostConfig.start(HostConfig.java:1582)
		at org.apache.catalina.startup.HostConfig.lifecycleEvent(HostConfig.java:265)
		at org.apache.catalina.util.LifecycleBase.fireLifecycleEvent(LifecycleBase.java:109)
		at org.apache.catalina.util.LifecycleBase.setStateInternal(LifecycleBase.java:389)
		at org.apache.catalina.util.LifecycleBase.setState(LifecycleBase.java:336)
		at org.apache.catalina.core.ContainerBase.startInternal(ContainerBase.java:743)
		at org.apache.catalina.core.StandardHost.startInternal(StandardHost.java:769)
		at org.apache.catalina.util.LifecycleBase.start(LifecycleBase.java:164)
		at org.apache.catalina.core.ContainerBase$StartChild.call(ContainerBase.java:1164)
		at org.apache.catalina.core.ContainerBase$StartChild.call(ContainerBase.java:1160)
		at java.base/java.util.concurrent.FutureTask.run(FutureTask.java:317)
		at org.apache.tomcat.util.threads.InlineExecutorService.execute(InlineExecutorService.java:75)
		at java.base/java.util.concurrent.AbstractExecutorService.submit(AbstractExecutorService.java:148)
		at org.apache.catalina.core.ContainerBase.startInternal(ContainerBase.java:716)
		at org.apache.catalina.core.StandardEngine.startInternal(StandardEngine.java:203)
		at org.apache.catalina.util.LifecycleBase.start(LifecycleBase.java:164)
		at org.apache.catalina.core.StandardService.startInternal(StandardService.java:412)
		at org.apache.catalina.util.LifecycleBase.start(LifecycleBase.java:164)
		at org.apache.catalina.core.StandardServer.startInternal(StandardServer.java:866)
		at org.apache.catalina.util.LifecycleBase.start(LifecycleBase.java:164)
		at org.apache.catalina.startup.Catalina.start(Catalina.java:759)
		at java.base/jdk.internal.reflect.DirectMethodHandleAccessor.invoke(DirectMethodHandleAccessor.java:103)
		at java.base/java.lang.reflect.Method.invoke(Method.java:580)
		at org.apache.catalina.startup.Bootstrap.start(Bootstrap.java:342)
		at org.apache.catalina.startup.Bootstrap.main(Bootstrap.java:473)
	Caused by: org.apache.catalina.LifecycleException: Failed to start component [StandardEngine[Catalina].StandardHost[localhost].StandardContext[/Shopping-web]]
		at org.apache.catalina.util.LifecycleBase.handleSubClassException(LifecycleBase.java:406)
		at org.apache.catalina.util.LifecycleBase.start(LifecycleBase.java:179)
		at org.apache.catalina.core.ContainerBase.addChild(ContainerBase.java:566)
		... 34 more
	Caused by: java.lang.NoClassDefFoundError: javax/servlet/ServletResponse
		at java.base/java.lang.Class.getDeclaredFields0(Native Method)
		at java.base/java.lang.Class.privateGetDeclaredFields(Class.java:3545)
		at java.base/java.lang.Class.getDeclaredFields(Class.java:2601)
		at org.apache.catalina.startup.WebAnnotationSet.loadFieldsAnnotation(WebAnnotationSet.java:199)
		at org.apache.catalina.startup.WebAnnotationSet.loadApplicationServletAnnotations(WebAnnotationSet.java:138)
		at org.apache.catalina.startup.WebAnnotationSet.loadApplicationAnnotations(WebAnnotationSet.java:70)
		at org.apache.catalina.startup.ContextConfig.applicationAnnotationsConfig(ContextConfig.java:316)
		at org.apache.catalina.startup.ContextConfig.configureStart(ContextConfig.java:972)
		at org.apache.catalina.startup.ContextConfig.lifecycleEvent(ContextConfig.java:290)
		at org.apache.catalina.util.LifecycleBase.fireLifecycleEvent(LifecycleBase.java:109)
		at org.apache.catalina.core.StandardContext.startInternal(StandardContext.java:4346)
		at org.apache.catalina.util.LifecycleBase.start(LifecycleBase.java:164)
		... 35 more
	Caused by: java.lang.ClassNotFoundException: javax.servlet.ServletResponse
		at org.apache.catalina.loader.WebappClassLoaderBase.loadClass(WebappClassLoaderBase.java:1228)
		at org.apache.catalina.loader.WebappClassLoaderBase.loadClass(WebappClassLoaderBase.java:1059)
		... 47 more
10-Jul-2025 21:43:30.277 INFO [main] org.apache.catalina.startup.HostConfig.deployDescriptor Deployment of deployment descriptor [D:\java\Shopping-web\conf\Catalina\conf\Catalina\localhost\Shopping-web.xml] has finished in [2,025] ms
10-Jul-2025 21:43:30.283 INFO [main] org.apache.coyote.AbstractProtocol.start Starting ProtocolHandler ["http-nio-8080"]
10-Jul-2025 21:43:30.449 INFO [main] org.apache.catalina.startup.Catalina.start Server startup in [2343] milliseconds
10-Jul-2025 21:49:37.867 INFO [Thread-1] org.apache.coyote.AbstractProtocol.pause Pausing ProtocolHandler ["http-nio-8080"]
10-Jul-2025 21:49:37.889 INFO [Thread-1] org.apache.catalina.core.StandardService.stopInternal Stopping service [Catalina]
10-Jul-2025 21:49:37.892 INFO [Thread-1] org.apache.coyote.AbstractProtocol.stop Stopping ProtocolHandler ["http-nio-8080"]
10-Jul-2025 21:49:37.911 INFO [Thread-1] org.apache.coyote.AbstractProtocol.destroy Destroying ProtocolHandler ["http-nio-8080"]
10-Jul-2025 22:03:50.236 INFO [main] org.apache.catalina.startup.VersionLoggerListener.log Server version name:   Apache Tomcat/11.0.9
10-Jul-2025 22:03:50.244 INFO [main] org.apache.catalina.startup.VersionLoggerListener.log Server built:          Jul 1 2025 20:39:04 UTC
10-Jul-2025 22:03:50.245 INFO [main] org.apache.catalina.startup.VersionLoggerListener.log Server version number: 11.0.9.0
10-Jul-2025 22:03:50.246 INFO [main] org.apache.catalina.startup.VersionLoggerListener.log OS Name:               Windows 11
10-Jul-2025 22:03:50.246 INFO [main] org.apache.catalina.startup.VersionLoggerListener.log OS Version:            10.0
10-Jul-2025 22:03:50.248 INFO [main] org.apache.catalina.startup.VersionLoggerListener.log Architecture:          amd64
10-Jul-2025 22:03:50.248 INFO [main] org.apache.catalina.startup.VersionLoggerListener.log Java Home:             C:\Program Files\Java\jdk-23
10-Jul-2025 22:03:50.248 INFO [main] org.apache.catalina.startup.VersionLoggerListener.log JVM Version:           23.0.2+7-58
10-Jul-2025 22:03:50.248 INFO [main] org.apache.catalina.startup.VersionLoggerListener.log JVM Vendor:            Oracle Corporation
10-Jul-2025 22:03:50.249 INFO [main] org.apache.catalina.startup.VersionLoggerListener.log CATALINA_BASE:         D:\java\Shopping-web\conf\Catalina
10-Jul-2025 22:03:50.249 INFO [main] org.apache.catalina.startup.VersionLoggerListener.log CATALINA_HOME:         C:\Program Files\Apache Software Foundation\Tomcat 11.0
10-Jul-2025 22:03:50.272 INFO [main] org.apache.catalina.startup.VersionLoggerListener.log Command line argument: --add-opens=java.base/java.lang=ALL-UNNAMED
10-Jul-2025 22:03:50.272 INFO [main] org.apache.catalina.startup.VersionLoggerListener.log Command line argument: --add-opens=java.base/java.io=ALL-UNNAMED
10-Jul-2025 22:03:50.273 INFO [main] org.apache.catalina.startup.VersionLoggerListener.log Command line argument: --add-opens=java.base/java.util=ALL-UNNAMED
10-Jul-2025 22:03:50.273 INFO [main] org.apache.catalina.startup.VersionLoggerListener.log Command line argument: --add-opens=java.base/java.util.concurrent=ALL-UNNAMED
10-Jul-2025 22:03:50.273 INFO [main] org.apache.catalina.startup.VersionLoggerListener.log Command line argument: --add-opens=java.rmi/sun.rmi.transport=ALL-UNNAMED
10-Jul-2025 22:03:50.273 INFO [main] org.apache.catalina.startup.VersionLoggerListener.log Command line argument: -Dcatalina.home=C:\Program Files\Apache Software Foundation\Tomcat 11.0
10-Jul-2025 22:03:50.273 INFO [main] org.apache.catalina.startup.VersionLoggerListener.log Command line argument: -Dcatalina.base=D:\java\Shopping-web\conf\Catalina
10-Jul-2025 22:03:50.273 INFO [main] org.apache.catalina.startup.VersionLoggerListener.log Command line argument: -Djava.io.tmpdir=D:\java\Shopping-web\conf\Catalina\temp
10-Jul-2025 22:03:50.273 INFO [main] org.apache.catalina.startup.VersionLoggerListener.log Command line argument: -Djava.util.logging.config.file=D:\java\Shopping-web\conf\Catalina\conf\logging.properties
10-Jul-2025 22:03:50.274 INFO [main] org.apache.catalina.startup.VersionLoggerListener.log Command line argument: -Djava.util.logging.manager=org.apache.juli.ClassLoaderLogManager
10-Jul-2025 22:03:50.274 INFO [main] org.apache.catalina.startup.VersionLoggerListener.log Command line argument: -javaagent:C:\Program Files\JetBrains\IntelliJ IDEA Community Edition 2024.3.2.2\lib\idea_rt.jar=61351
10-Jul-2025 22:03:50.274 INFO [main] org.apache.catalina.startup.VersionLoggerListener.log Command line argument: -Dfile.encoding=UTF-8
10-Jul-2025 22:03:50.275 INFO [main] org.apache.catalina.startup.VersionLoggerListener.log Command line argument: -Dsun.stdout.encoding=UTF-8
10-Jul-2025 22:03:50.275 INFO [main] org.apache.catalina.startup.VersionLoggerListener.log Command line argument: -Dsun.stderr.encoding=UTF-8
10-Jul-2025 22:03:50.286 INFO [main] org.apache.catalina.core.AprLifecycleListener.lifecycleEvent The Apache Tomcat Native library which allows using OpenSSL was not found on the java.library.path: [C:\Program Files\Java\jdk-23\bin;C:\WINDOWS\Sun\Java\bin;C:\WINDOWS\system32;C:\WINDOWS;C:\Program Files\Common Files\Oracle\Java\javapath;C:\WINDOWS\system32;C:\WINDOWS;C:\WINDOWS\System32\Wbem;C:\WINDOWS\System32\WindowsPowerShell\v1.0\;C:\WINDOWS\System32\OpenSSH\;C:\Program Files\Git\cmd;C:\Users\SMART\AppData\Local\Programs\Python\Python313\Scripts\;C:\Users\SMART\AppData\Local\Programs\Python\Python313\;C:\Users\SMART\AppData\Local\Microsoft\WindowsApps;C:\Users\SMART\AppData\Local\Programs\Microsoft VS Code\bin;C:\Program Files\Java\jdk-23\bin;;.]
10-Jul-2025 22:03:50.972 INFO [main] org.apache.coyote.AbstractProtocol.init Initializing ProtocolHandler ["http-nio-8080"]
10-Jul-2025 22:03:51.009 INFO [main] org.apache.catalina.startup.Catalina.load Server initialization in [1152] milliseconds
10-Jul-2025 22:03:51.142 INFO [main] org.apache.catalina.core.StandardService.startInternal Starting service [Catalina]
10-Jul-2025 22:03:51.143 INFO [main] org.apache.catalina.core.StandardEngine.startInternal Starting Servlet engine: [Apache Tomcat/11.0.9]
10-Jul-2025 22:03:51.164 INFO [main] org.apache.catalina.startup.HostConfig.deployDescriptor Deploying deployment descriptor [D:\java\Shopping-web\conf\Catalina\conf\Catalina\localhost\Shopping-web.xml]
10-Jul-2025 22:03:53.070 INFO [main] org.apache.jasper.servlet.TldScanner.scanJars At least one JAR was scanned for TLDs yet contained no TLDs. Enable debug logging for this logger for a complete list of JARs that were scanned but no TLDs were found in them. Skipping unneeded JARs during scanning can improve startup time and JSP compilation time.
10-Jul-2025 22:03:53.243 INFO [main] org.apache.catalina.startup.HostConfig.deployDescriptor Deployment of deployment descriptor [D:\java\Shopping-web\conf\Catalina\conf\Catalina\localhost\Shopping-web.xml] has finished in [2,079] ms
10-Jul-2025 22:03:53.250 INFO [main] org.apache.coyote.AbstractProtocol.start Starting ProtocolHandler ["http-nio-8080"]
10-Jul-2025 22:03:53.299 INFO [main] org.apache.catalina.startup.Catalina.start Server startup in [2288] milliseconds
10-Jul-2025 22:04:33.145 INFO [Thread-1] org.apache.coyote.AbstractProtocol.pause Pausing ProtocolHandler ["http-nio-8080"]
10-Jul-2025 22:04:33.193 INFO [Thread-1] org.apache.catalina.core.StandardService.stopInternal Stopping service [Catalina]
10-Jul-2025 22:04:33.240 INFO [Thread-1] org.apache.coyote.AbstractProtocol.stop Stopping ProtocolHandler ["http-nio-8080"]
10-Jul-2025 22:04:33.260 INFO [Thread-1] org.apache.coyote.AbstractProtocol.destroy Destroying ProtocolHandler ["http-nio-8080"]
10-Jul-2025 22:06:37.506 INFO [main] org.apache.catalina.startup.VersionLoggerListener.log Server version name:   Apache Tomcat/11.0.9
10-Jul-2025 22:06:37.515 INFO [main] org.apache.catalina.startup.VersionLoggerListener.log Server built:          Jul 1 2025 20:39:04 UTC
10-Jul-2025 22:06:37.516 INFO [main] org.apache.catalina.startup.VersionLoggerListener.log Server version number: 11.0.9.0
10-Jul-2025 22:06:37.517 INFO [main] org.apache.catalina.startup.VersionLoggerListener.log OS Name:               Windows 11
10-Jul-2025 22:06:37.517 INFO [main] org.apache.catalina.startup.VersionLoggerListener.log OS Version:            10.0
10-Jul-2025 22:06:37.518 INFO [main] org.apache.catalina.startup.VersionLoggerListener.log Architecture:          amd64
10-Jul-2025 22:06:37.519 INFO [main] org.apache.catalina.startup.VersionLoggerListener.log Java Home:             C:\Program Files\Java\jdk-23
10-Jul-2025 22:06:37.519 INFO [main] org.apache.catalina.startup.VersionLoggerListener.log JVM Version:           23.0.2+7-58
10-Jul-2025 22:06:37.519 INFO [main] org.apache.catalina.startup.VersionLoggerListener.log JVM Vendor:            Oracle Corporation
10-Jul-2025 22:06:37.520 INFO [main] org.apache.catalina.startup.VersionLoggerListener.log CATALINA_BASE:         D:\java\Shopping-web\conf\Catalina
10-Jul-2025 22:06:37.521 INFO [main] org.apache.catalina.startup.VersionLoggerListener.log CATALINA_HOME:         C:\Program Files\Apache Software Foundation\Tomcat 11.0
10-Jul-2025 22:06:37.540 INFO [main] org.apache.catalina.startup.VersionLoggerListener.log Command line argument: --add-opens=java.base/java.lang=ALL-UNNAMED
10-Jul-2025 22:06:37.540 INFO [main] org.apache.catalina.startup.VersionLoggerListener.log Command line argument: --add-opens=java.base/java.io=ALL-UNNAMED
10-Jul-2025 22:06:37.541 INFO [main] org.apache.catalina.startup.VersionLoggerListener.log Command line argument: --add-opens=java.base/java.util=ALL-UNNAMED
10-Jul-2025 22:06:37.541 INFO [main] org.apache.catalina.startup.VersionLoggerListener.log Command line argument: --add-opens=java.base/java.util.concurrent=ALL-UNNAMED
10-Jul-2025 22:06:37.541 INFO [main] org.apache.catalina.startup.VersionLoggerListener.log Command line argument: --add-opens=java.rmi/sun.rmi.transport=ALL-UNNAMED
10-Jul-2025 22:06:37.541 INFO [main] org.apache.catalina.startup.VersionLoggerListener.log Command line argument: -Dcatalina.home=C:\Program Files\Apache Software Foundation\Tomcat 11.0
10-Jul-2025 22:06:37.542 INFO [main] org.apache.catalina.startup.VersionLoggerListener.log Command line argument: -Dcatalina.base=D:\java\Shopping-web\conf\Catalina
10-Jul-2025 22:06:37.542 INFO [main] org.apache.catalina.startup.VersionLoggerListener.log Command line argument: -Djava.io.tmpdir=D:\java\Shopping-web\conf\Catalina\temp
10-Jul-2025 22:06:37.542 INFO [main] org.apache.catalina.startup.VersionLoggerListener.log Command line argument: -Djava.util.logging.config.file=D:\java\Shopping-web\conf\Catalina\conf\logging.properties
10-Jul-2025 22:06:37.543 INFO [main] org.apache.catalina.startup.VersionLoggerListener.log Command line argument: -Djava.util.logging.manager=org.apache.juli.ClassLoaderLogManager
10-Jul-2025 22:06:37.543 INFO [main] org.apache.catalina.startup.VersionLoggerListener.log Command line argument: -javaagent:C:\Program Files\JetBrains\IntelliJ IDEA Community Edition 2024.3.2.2\lib\idea_rt.jar=61430
10-Jul-2025 22:06:37.543 INFO [main] org.apache.catalina.startup.VersionLoggerListener.log Command line argument: -Dfile.encoding=UTF-8
10-Jul-2025 22:06:37.543 INFO [main] org.apache.catalina.startup.VersionLoggerListener.log Command line argument: -Dsun.stdout.encoding=UTF-8
10-Jul-2025 22:06:37.543 INFO [main] org.apache.catalina.startup.VersionLoggerListener.log Command line argument: -Dsun.stderr.encoding=UTF-8
10-Jul-2025 22:06:37.557 INFO [main] org.apache.catalina.core.AprLifecycleListener.lifecycleEvent The Apache Tomcat Native library which allows using OpenSSL was not found on the java.library.path: [C:\Program Files\Java\jdk-23\bin;C:\WINDOWS\Sun\Java\bin;C:\WINDOWS\system32;C:\WINDOWS;C:\Program Files\Common Files\Oracle\Java\javapath;C:\WINDOWS\system32;C:\WINDOWS;C:\WINDOWS\System32\Wbem;C:\WINDOWS\System32\WindowsPowerShell\v1.0\;C:\WINDOWS\System32\OpenSSH\;C:\Program Files\Git\cmd;C:\Users\SMART\AppData\Local\Programs\Python\Python313\Scripts\;C:\Users\SMART\AppData\Local\Programs\Python\Python313\;C:\Users\SMART\AppData\Local\Microsoft\WindowsApps;C:\Users\SMART\AppData\Local\Programs\Microsoft VS Code\bin;C:\Program Files\Java\jdk-23\bin;;.]
10-Jul-2025 22:06:38.343 INFO [main] org.apache.coyote.AbstractProtocol.init Initializing ProtocolHandler ["http-nio-8080"]
10-Jul-2025 22:06:38.375 INFO [main] org.apache.catalina.startup.Catalina.load Server initialization in [1283] milliseconds
10-Jul-2025 22:06:38.486 INFO [main] org.apache.catalina.core.StandardService.startInternal Starting service [Catalina]
10-Jul-2025 22:06:38.487 INFO [main] org.apache.catalina.core.StandardEngine.startInternal Starting Servlet engine: [Apache Tomcat/11.0.9]
10-Jul-2025 22:06:38.508 INFO [main] org.apache.catalina.startup.HostConfig.deployDescriptor Deploying deployment descriptor [D:\java\Shopping-web\conf\Catalina\conf\Catalina\localhost\Shopping-web.xml]
10-Jul-2025 22:06:40.372 INFO [main] org.apache.jasper.servlet.TldScanner.scanJars At least one JAR was scanned for TLDs yet contained no TLDs. Enable debug logging for this logger for a complete list of JARs that were scanned but no TLDs were found in them. Skipping unneeded JARs during scanning can improve startup time and JSP compilation time.
10-Jul-2025 22:06:40.570 INFO [main] org.apache.catalina.startup.HostConfig.deployDescriptor Deployment of deployment descriptor [D:\java\Shopping-web\conf\Catalina\conf\Catalina\localhost\Shopping-web.xml] has finished in [2,061] ms
10-Jul-2025 22:06:40.605 INFO [main] org.apache.coyote.AbstractProtocol.start Starting ProtocolHandler ["http-nio-8080"]
10-Jul-2025 22:06:40.716 INFO [main] org.apache.catalina.startup.Catalina.start Server startup in [2339] milliseconds
10-Jul-2025 22:07:03.696 INFO [Thread-1] org.apache.coyote.AbstractProtocol.pause Pausing ProtocolHandler ["http-nio-8080"]
10-Jul-2025 22:07:03.713 INFO [Thread-1] org.apache.catalina.core.StandardService.stopInternal Stopping service [Catalina]
10-Jul-2025 22:07:03.733 INFO [Thread-1] org.apache.coyote.AbstractProtocol.stop Stopping ProtocolHandler ["http-nio-8080"]
10-Jul-2025 22:07:03.743 INFO [Thread-1] org.apache.coyote.AbstractProtocol.destroy Destroying ProtocolHandler ["http-nio-8080"]
10-Jul-2025 22:10:27.578 INFO [main] org.apache.catalina.startup.VersionLoggerListener.log Server version name:   Apache Tomcat/11.0.9
10-Jul-2025 22:10:27.587 INFO [main] org.apache.catalina.startup.VersionLoggerListener.log Server built:          Jul 1 2025 20:39:04 UTC
10-Jul-2025 22:10:27.589 INFO [main] org.apache.catalina.startup.VersionLoggerListener.log Server version number: 11.0.9.0
10-Jul-2025 22:10:27.589 INFO [main] org.apache.catalina.startup.VersionLoggerListener.log OS Name:               Windows 11
10-Jul-2025 22:10:27.590 INFO [main] org.apache.catalina.startup.VersionLoggerListener.log OS Version:            10.0
10-Jul-2025 22:10:27.591 INFO [main] org.apache.catalina.startup.VersionLoggerListener.log Architecture:          amd64
10-Jul-2025 22:10:27.591 INFO [main] org.apache.catalina.startup.VersionLoggerListener.log Java Home:             C:\Program Files\Java\jdk-23
10-Jul-2025 22:10:27.591 INFO [main] org.apache.catalina.startup.VersionLoggerListener.log JVM Version:           23.0.2+7-58
10-Jul-2025 22:10:27.592 INFO [main] org.apache.catalina.startup.VersionLoggerListener.log JVM Vendor:            Oracle Corporation
10-Jul-2025 22:10:27.593 INFO [main] org.apache.catalina.startup.VersionLoggerListener.log CATALINA_BASE:         D:\java\Shopping-web\conf\Catalina
10-Jul-2025 22:10:27.593 INFO [main] org.apache.catalina.startup.VersionLoggerListener.log CATALINA_HOME:         C:\Program Files\Apache Software Foundation\Tomcat 11.0
10-Jul-2025 22:10:27.618 INFO [main] org.apache.catalina.startup.VersionLoggerListener.log Command line argument: --add-opens=java.base/java.lang=ALL-UNNAMED
10-Jul-2025 22:10:27.619 INFO [main] org.apache.catalina.startup.VersionLoggerListener.log Command line argument: --add-opens=java.base/java.io=ALL-UNNAMED
10-Jul-2025 22:10:27.619 INFO [main] org.apache.catalina.startup.VersionLoggerListener.log Command line argument: --add-opens=java.base/java.util=ALL-UNNAMED
10-Jul-2025 22:10:27.619 INFO [main] org.apache.catalina.startup.VersionLoggerListener.log Command line argument: --add-opens=java.base/java.util.concurrent=ALL-UNNAMED
10-Jul-2025 22:10:27.620 INFO [main] org.apache.catalina.startup.VersionLoggerListener.log Command line argument: --add-opens=java.rmi/sun.rmi.transport=ALL-UNNAMED
10-Jul-2025 22:10:27.620 INFO [main] org.apache.catalina.startup.VersionLoggerListener.log Command line argument: -Dcatalina.home=C:\Program Files\Apache Software Foundation\Tomcat 11.0
10-Jul-2025 22:10:27.620 INFO [main] org.apache.catalina.startup.VersionLoggerListener.log Command line argument: -Dcatalina.base=D:\java\Shopping-web\conf\Catalina
10-Jul-2025 22:10:27.620 INFO [main] org.apache.catalina.startup.VersionLoggerListener.log Command line argument: -Djava.io.tmpdir=D:\java\Shopping-web\conf\Catalina\temp
10-Jul-2025 22:10:27.620 INFO [main] org.apache.catalina.startup.VersionLoggerListener.log Command line argument: -Djava.util.logging.config.file=D:\java\Shopping-web\conf\Catalina\conf\logging.properties
10-Jul-2025 22:10:27.621 INFO [main] org.apache.catalina.startup.VersionLoggerListener.log Command line argument: -Djava.util.logging.manager=org.apache.juli.ClassLoaderLogManager
10-Jul-2025 22:10:27.621 INFO [main] org.apache.catalina.startup.VersionLoggerListener.log Command line argument: -javaagent:C:\Program Files\JetBrains\IntelliJ IDEA Community Edition 2024.3.2.2\lib\idea_rt.jar=61548
10-Jul-2025 22:10:27.621 INFO [main] org.apache.catalina.startup.VersionLoggerListener.log Command line argument: -Dfile.encoding=UTF-8
10-Jul-2025 22:10:27.621 INFO [main] org.apache.catalina.startup.VersionLoggerListener.log Command line argument: -Dsun.stdout.encoding=UTF-8
10-Jul-2025 22:10:27.622 INFO [main] org.apache.catalina.startup.VersionLoggerListener.log Command line argument: -Dsun.stderr.encoding=UTF-8
10-Jul-2025 22:10:27.634 INFO [main] org.apache.catalina.core.AprLifecycleListener.lifecycleEvent The Apache Tomcat Native library which allows using OpenSSL was not found on the java.library.path: [C:\Program Files\Java\jdk-23\bin;C:\WINDOWS\Sun\Java\bin;C:\WINDOWS\system32;C:\WINDOWS;C:\Program Files\Common Files\Oracle\Java\javapath;C:\WINDOWS\system32;C:\WINDOWS;C:\WINDOWS\System32\Wbem;C:\WINDOWS\System32\WindowsPowerShell\v1.0\;C:\WINDOWS\System32\OpenSSH\;C:\Program Files\Git\cmd;C:\Users\SMART\AppData\Local\Programs\Python\Python313\Scripts\;C:\Users\SMART\AppData\Local\Programs\Python\Python313\;C:\Users\SMART\AppData\Local\Microsoft\WindowsApps;C:\Users\SMART\AppData\Local\Programs\Microsoft VS Code\bin;C:\Program Files\Java\jdk-23\bin;;.]
10-Jul-2025 22:10:28.339 INFO [main] org.apache.coyote.AbstractProtocol.init Initializing ProtocolHandler ["http-nio-8080"]
10-Jul-2025 22:10:28.376 INFO [main] org.apache.catalina.startup.Catalina.load Server initialization in [1201] milliseconds
10-Jul-2025 22:10:28.522 INFO [main] org.apache.catalina.core.StandardService.startInternal Starting service [Catalina]
10-Jul-2025 22:10:28.523 INFO [main] org.apache.catalina.core.StandardEngine.startInternal Starting Servlet engine: [Apache Tomcat/11.0.9]
10-Jul-2025 22:10:28.545 INFO [main] org.apache.catalina.startup.HostConfig.deployDescriptor Deploying deployment descriptor [D:\java\Shopping-web\conf\Catalina\conf\Catalina\localhost\Shopping-web.xml]
10-Jul-2025 22:10:30.695 INFO [main] org.apache.jasper.servlet.TldScanner.scanJars At least one JAR was scanned for TLDs yet contained no TLDs. Enable debug logging for this logger for a complete list of JARs that were scanned but no TLDs were found in them. Skipping unneeded JARs during scanning can improve startup time and JSP compilation time.
10-Jul-2025 22:10:30.914 INFO [main] org.apache.catalina.startup.HostConfig.deployDescriptor Deployment of deployment descriptor [D:\java\Shopping-web\conf\Catalina\conf\Catalina\localhost\Shopping-web.xml] has finished in [2,367] ms
10-Jul-2025 22:10:30.945 INFO [main] org.apache.coyote.AbstractProtocol.start Starting ProtocolHandler ["http-nio-8080"]
10-Jul-2025 22:10:31.052 INFO [main] org.apache.catalina.startup.Catalina.start Server startup in [2673] milliseconds
10-Jul-2025 22:11:40.163 INFO [Thread-1] org.apache.coyote.AbstractProtocol.pause Pausing ProtocolHandler ["http-nio-8080"]
10-Jul-2025 22:11:40.210 INFO [Thread-1] org.apache.catalina.core.StandardService.stopInternal Stopping service [Catalina]
10-Jul-2025 22:11:40.248 INFO [Thread-1] org.apache.coyote.AbstractProtocol.stop Stopping ProtocolHandler ["http-nio-8080"]
10-Jul-2025 22:11:40.276 INFO [Thread-1] org.apache.coyote.AbstractProtocol.destroy Destroying ProtocolHandler ["http-nio-8080"]
10-Jul-2025 22:29:02.594 INFO [main] org.apache.catalina.startup.VersionLoggerListener.log Server version name:   Apache Tomcat/11.0.9
10-Jul-2025 22:29:02.603 INFO [main] org.apache.catalina.startup.VersionLoggerListener.log Server built:          Jul 1 2025 20:39:04 UTC
10-Jul-2025 22:29:02.603 INFO [main] org.apache.catalina.startup.VersionLoggerListener.log Server version number: 11.0.9.0
10-Jul-2025 22:29:02.603 INFO [main] org.apache.catalina.startup.VersionLoggerListener.log OS Name:               Windows 11
10-Jul-2025 22:29:02.605 INFO [main] org.apache.catalina.startup.VersionLoggerListener.log OS Version:            10.0
10-Jul-2025 22:29:02.605 INFO [main] org.apache.catalina.startup.VersionLoggerListener.log Architecture:          amd64
10-Jul-2025 22:29:02.606 INFO [main] org.apache.catalina.startup.VersionLoggerListener.log Java Home:             C:\Program Files\Java\jdk-23
10-Jul-2025 22:29:02.608 INFO [main] org.apache.catalina.startup.VersionLoggerListener.log JVM Version:           23.0.2+7-58
10-Jul-2025 22:29:02.608 INFO [main] org.apache.catalina.startup.VersionLoggerListener.log JVM Vendor:            Oracle Corporation
10-Jul-2025 22:29:02.608 INFO [main] org.apache.catalina.startup.VersionLoggerListener.log CATALINA_BASE:         D:\java\Shopping-web\conf\Catalina
10-Jul-2025 22:29:02.609 INFO [main] org.apache.catalina.startup.VersionLoggerListener.log CATALINA_HOME:         C:\Program Files\Apache Software Foundation\Tomcat 11.0
10-Jul-2025 22:29:02.630 INFO [main] org.apache.catalina.startup.VersionLoggerListener.log Command line argument: --add-opens=java.base/java.lang=ALL-UNNAMED
10-Jul-2025 22:29:02.631 INFO [main] org.apache.catalina.startup.VersionLoggerListener.log Command line argument: --add-opens=java.base/java.io=ALL-UNNAMED
10-Jul-2025 22:29:02.631 INFO [main] org.apache.catalina.startup.VersionLoggerListener.log Command line argument: --add-opens=java.base/java.util=ALL-UNNAMED
10-Jul-2025 22:29:02.631 INFO [main] org.apache.catalina.startup.VersionLoggerListener.log Command line argument: --add-opens=java.base/java.util.concurrent=ALL-UNNAMED
10-Jul-2025 22:29:02.631 INFO [main] org.apache.catalina.startup.VersionLoggerListener.log Command line argument: --add-opens=java.rmi/sun.rmi.transport=ALL-UNNAMED
10-Jul-2025 22:29:02.631 INFO [main] org.apache.catalina.startup.VersionLoggerListener.log Command line argument: -Dcatalina.home=C:\Program Files\Apache Software Foundation\Tomcat 11.0
10-Jul-2025 22:29:02.632 INFO [main] org.apache.catalina.startup.VersionLoggerListener.log Command line argument: -Dcatalina.base=D:\java\Shopping-web\conf\Catalina
10-Jul-2025 22:29:02.632 INFO [main] org.apache.catalina.startup.VersionLoggerListener.log Command line argument: -Djava.io.tmpdir=D:\java\Shopping-web\conf\Catalina\temp
10-Jul-2025 22:29:02.632 INFO [main] org.apache.catalina.startup.VersionLoggerListener.log Command line argument: -Djava.util.logging.config.file=D:\java\Shopping-web\conf\Catalina\conf\logging.properties
10-Jul-2025 22:29:02.633 INFO [main] org.apache.catalina.startup.VersionLoggerListener.log Command line argument: -Djava.util.logging.manager=org.apache.juli.ClassLoaderLogManager
10-Jul-2025 22:29:02.633 INFO [main] org.apache.catalina.startup.VersionLoggerListener.log Command line argument: -javaagent:C:\Program Files\JetBrains\IntelliJ IDEA Community Edition 2024.3.2.2\lib\idea_rt.jar=61959
10-Jul-2025 22:29:02.634 INFO [main] org.apache.catalina.startup.VersionLoggerListener.log Command line argument: -Dfile.encoding=UTF-8
10-Jul-2025 22:29:02.634 INFO [main] org.apache.catalina.startup.VersionLoggerListener.log Command line argument: -Dsun.stdout.encoding=UTF-8
10-Jul-2025 22:29:02.634 INFO [main] org.apache.catalina.startup.VersionLoggerListener.log Command line argument: -Dsun.stderr.encoding=UTF-8
10-Jul-2025 22:29:02.652 INFO [main] org.apache.catalina.core.AprLifecycleListener.lifecycleEvent The Apache Tomcat Native library which allows using OpenSSL was not found on the java.library.path: [C:\Program Files\Java\jdk-23\bin;C:\WINDOWS\Sun\Java\bin;C:\WINDOWS\system32;C:\WINDOWS;C:\Program Files\Common Files\Oracle\Java\javapath;C:\WINDOWS\system32;C:\WINDOWS;C:\WINDOWS\System32\Wbem;C:\WINDOWS\System32\WindowsPowerShell\v1.0\;C:\WINDOWS\System32\OpenSSH\;C:\Program Files\Git\cmd;C:\Users\SMART\AppData\Local\Programs\Python\Python313\Scripts\;C:\Users\SMART\AppData\Local\Programs\Python\Python313\;C:\Users\SMART\AppData\Local\Microsoft\WindowsApps;C:\Users\SMART\AppData\Local\Programs\Microsoft VS Code\bin;C:\Program Files\Java\jdk-23\bin;;.]
10-Jul-2025 22:29:03.444 INFO [main] org.apache.coyote.AbstractProtocol.init Initializing ProtocolHandler ["http-nio-8080"]
10-Jul-2025 22:29:03.481 INFO [main] org.apache.catalina.startup.Catalina.load Server initialization in [1325] milliseconds
10-Jul-2025 22:29:03.604 INFO [main] org.apache.catalina.core.StandardService.startInternal Starting service [Catalina]
10-Jul-2025 22:29:03.604 INFO [main] org.apache.catalina.core.StandardEngine.startInternal Starting Servlet engine: [Apache Tomcat/11.0.9]
10-Jul-2025 22:29:03.628 INFO [main] org.apache.catalina.startup.HostConfig.deployDescriptor Deploying deployment descriptor [D:\java\Shopping-web\conf\Catalina\conf\Catalina\localhost\Shopping-web.xml]
10-Jul-2025 22:29:06.038 INFO [main] org.apache.jasper.servlet.TldScanner.scanJars At least one JAR was scanned for TLDs yet contained no TLDs. Enable debug logging for this logger for a complete list of JARs that were scanned but no TLDs were found in them. Skipping unneeded JARs during scanning can improve startup time and JSP compilation time.
10-Jul-2025 22:29:06.200 INFO [main] org.apache.catalina.startup.HostConfig.deployDescriptor Deployment of deployment descriptor [D:\java\Shopping-web\conf\Catalina\conf\Catalina\localhost\Shopping-web.xml] has finished in [2,573] ms
10-Jul-2025 22:29:06.205 INFO [main] org.apache.coyote.AbstractProtocol.start Starting ProtocolHandler ["http-nio-8080"]
10-Jul-2025 22:29:06.260 INFO [main] org.apache.catalina.startup.Catalina.start Server startup in [2774] milliseconds
10-Jul-2025 22:29:32.213 INFO [Thread-1] org.apache.coyote.AbstractProtocol.pause Pausing ProtocolHandler ["http-nio-8080"]
10-Jul-2025 22:29:32.228 INFO [Thread-1] org.apache.catalina.core.StandardService.stopInternal Stopping service [Catalina]
10-Jul-2025 22:29:32.244 INFO [Thread-1] org.apache.coyote.AbstractProtocol.stop Stopping ProtocolHandler ["http-nio-8080"]
10-Jul-2025 22:29:32.265 INFO [Thread-1] org.apache.coyote.AbstractProtocol.destroy Destroying ProtocolHandler ["http-nio-8080"]
